query,index_size,threads,nprobe,batch_size,num_retrieved_docs,avg_query_time,best_retrieved_ids
0,600m,64,256,1,10,7.238862037658691,"[963517, 863517, 763517, 663517, 563517, 463517, 363517, 263517, 163517, 63517]"
1,600m,64,256,1,10,5.908954620361328,"[980664, 880664, 780664, 680664, 580664, 480664, 380664, 280664, 180664, 80664]"
2,600m,64,256,1,10,5.815965175628662,"[948493, 848493, 748493, 648493, 548493, 448493, 348493, 248493, 148493, 48493]"
3,600m,64,256,1,10,5.930098295211792,"[997121, 897121, 797121, 697121, 597121, 497121, 397121, 297121, 197121, 97121]"
4,600m,64,256,1,10,6.019117832183838,"[931061, 831061, 731061, 631061, 531061, 431061, 331061, 231061, 131061, 31061]"
5,600m,64,256,1,10,5.773663282394409,"[995114, 895114, 795114, 695114, 595114, 495114, 395114, 295114, 195114, 95114]"
6,600m,64,256,1,10,5.558976411819458,"[946438, 846438, 746438, 646438, 546438, 446438, 346438, 246438, 146438, 46438]"
7,600m,64,256,1,10,5.653296709060669,"[926632, 826632, 726632, 626632, 526632, 426632, 326632, 226632, 126632, 26632]"
8,600m,64,256,1,10,5.80819845199585,"[984708, 884708, 784708, 684708, 584708, 484708, 384708, 284708, 184708, 84708]"
9,600m,64,256,1,10,5.493899822235107,"[968937, 868937, 768937, 668937, 568937, 468937, 368937, 268937, 168937, 68937]"
10,600m,64,256,1,10,5.875731468200684,"[967419, 867419, 767419, 667419, 567419, 467419, 367419, 267419, 167419, 67419]"
11,600m,64,256,1,10,5.834816932678223,"[941187, 841187, 741187, 641187, 541187, 441187, 341187, 241187, 141187, 41187]"
12,600m,64,256,1,10,5.826664209365845,"[982286, 882286, 782286, 682286, 582286, 482286, 382286, 282286, 182286, 82286]"
13,600m,64,256,1,10,5.84876012802124,"[958219, 858219, 758219, 658219, 558219, 458219, 358219, 258219, 158219, 58219]"
14,600m,64,256,1,10,5.84059739112854,"[966051, 866051, 766051, 666051, 566051, 466051, 366051, 266051, 166051, 66051]"
15,600m,64,256,1,10,5.935491323471069,"[943925, 843925, 743925, 643925, 543925, 443925, 343925, 243925, 143925, 43925]"
16,600m,64,256,1,10,6.09146785736084,"[953427, 853427, 753427, 653427, 553427, 453427, 353427, 253427, 153427, 53427]"
17,600m,64,256,1,10,5.68541955947876,"[965987, 865987, 765987, 665987, 565987, 465987, 365987, 265987, 165987, 65987]"
18,600m,64,256,1,10,5.895704507827759,"[916467, 816467, 716467, 616467, 516467, 416467, 316467, 216467, 116467, 16467]"
19,600m,64,256,1,10,5.711244821548462,"[940715, 840715, 740715, 640715, 540715, 440715, 340715, 240715, 140715, 40715]"
20,600m,64,256,1,10,5.7100300788879395,"[963517, 863517, 763517, 663517, 563517, 463517, 363517, 263517, 163517, 63517]"
21,600m,64,256,1,10,5.949044227600098,"[995114, 895114, 795114, 695114, 595114, 495114, 395114, 295114, 195114, 95114]"
22,600m,64,256,1,10,5.669628143310547,"[916724, 816724, 716724, 616724, 516724, 416724, 316724, 216724, 116724, 16724]"
23,600m,64,256,1,10,5.766106367111206,"[906678, 806678, 706678, 606678, 506678, 406678, 306678, 206678, 106678, 6678]"
24,600m,64,256,1,10,5.6081132888793945,"[971497, 871497, 771497, 671497, 571497, 471497, 371497, 271497, 171497, 71497]"
25,600m,64,256,1,10,5.918400764465332,"[978154, 878154, 778154, 678154, 578154, 478154, 378154, 278154, 178154, 78154]"
26,600m,64,256,1,10,5.966020345687866,"[987886, 887886, 787886, 687886, 587886, 487886, 387886, 287886, 187886, 87886]"
27,600m,64,256,1,10,5.719712257385254,"[962714, 862714, 762714, 662714, 562714, 462714, 362714, 262714, 162714, 62714]"
28,600m,64,256,1,10,5.575678110122681,"[939247, 839247, 739247, 639247, 539247, 439247, 339247, 239247, 139247, 39247]"
29,600m,64,256,1,10,5.951114892959595,"[948493, 848493, 748493, 648493, 548493, 448493, 348493, 248493, 148493, 48493]"
30,600m,64,256,1,10,5.636010646820068,"[952470, 852470, 752470, 652470, 552470, 452470, 352470, 252470, 152470, 52470]"
31,600m,64,256,1,10,5.775602340698242,"[941983, 841983, 741983, 641983, 541983, 441983, 341983, 241983, 141983, 41983]"
32,600m,64,256,1,10,5.519888877868652,"[963517, 863517, 763517, 663517, 563517, 463517, 363517, 263517, 163517, 63517]"
33,600m,64,256,1,10,5.703165054321289,"[958219, 858219, 758219, 658219, 558219, 458219, 358219, 258219, 158219, 58219]"
34,600m,64,256,1,10,5.945527076721191,"[958219, 858219, 758219, 658219, 558219, 458219, 358219, 258219, 158219, 58219]"
35,600m,64,256,1,10,5.8061745166778564,"[963517, 863517, 763517, 663517, 563517, 463517, 363517, 263517, 163517, 63517]"
36,600m,64,256,1,10,5.4764180183410645,"[935026, 835026, 735026, 635026, 535026, 435026, 335026, 235026, 135026, 35026]"
37,600m,64,256,1,10,5.853237152099609,"[963517, 863517, 763517, 663517, 563517, 463517, 363517, 263517, 163517, 63517]"
38,600m,64,256,1,10,5.661941766738892,"[963517, 863517, 763517, 663517, 563517, 463517, 363517, 263517, 163517, 63517]"
39,600m,64,256,1,10,5.7745161056518555,"[990264, 890264, 790264, 690264, 590264, 490264, 390264, 290264, 190264, 90264]"
40,600m,64,256,1,10,5.702593564987183,"[916724, 816724, 716724, 616724, 516724, 416724, 316724, 216724, 116724, 16724]"
41,600m,64,256,1,10,5.82743501663208,"[932539, 832539, 732539, 632539, 532539, 432539, 332539, 232539, 132539, 32539]"
42,600m,64,256,1,10,5.6722023487091064,"[973472, 873472, 773472, 673472, 573472, 473472, 373472, 273472, 173472, 73472]"
43,600m,64,256,1,10,5.9182000160217285,"[920227, 820227, 720227, 620227, 520227, 420227, 320227, 220227, 120227, 20227]"
44,600m,64,256,1,10,6.062323331832886,"[985700, 885700, 785700, 685700, 585700, 485700, 385700, 285700, 185700, 85700]"
45,600m,64,256,1,10,5.8113908767700195,"[911502, 811502, 711502, 611502, 511502, 411502, 311502, 211502, 111502, 11502]"
46,600m,64,256,1,10,5.99821138381958,"[971964, 871964, 771964, 671964, 571964, 471964, 371964, 271964, 171964, 71964]"
47,600m,64,256,1,10,6.203995943069458,"[981794, 881794, 781794, 681794, 581794, 481794, 381794, 281794, 181794, 81794]"
48,600m,64,256,1,10,6.331094264984131,"[932539, 832539, 732539, 632539, 532539, 432539, 332539, 232539, 132539, 32539]"
49,600m,64,256,1,10,5.693190813064575,"[945466, 845466, 745466, 645466, 545466, 445466, 345466, 245466, 145466, 45466]"
50,600m,64,256,1,10,5.871004343032837,"[943925, 843925, 743925, 643925, 543925, 443925, 343925, 243925, 143925, 43925]"
51,600m,64,256,1,10,5.638857841491699,"[911502, 811502, 711502, 611502, 511502, 411502, 311502, 211502, 111502, 11502]"
52,600m,64,256,1,10,5.728113889694214,"[917403, 817403, 717403, 617403, 517403, 417403, 317403, 217403, 117403, 17403]"
53,600m,64,256,1,10,5.834863901138306,"[941983, 841983, 741983, 641983, 541983, 441983, 341983, 241983, 141983, 41983]"
54,600m,64,256,1,10,5.897889614105225,"[913905, 813905, 713905, 613905, 513905, 413905, 313905, 213905, 113905, 13905]"
55,600m,64,256,1,10,6.074301481246948,"[962444, 862444, 762444, 662444, 562444, 462444, 362444, 262444, 162444, 62444]"
56,600m,64,256,1,10,6.012126922607422,"[950980, 850980, 750980, 650980, 550980, 450980, 350980, 250980, 150980, 50980]"
57,600m,64,256,1,10,5.975135803222656,"[992554, 892554, 792554, 692554, 592554, 492554, 392554, 292554, 192554, 92554]"
58,600m,64,256,1,10,5.729979515075684,"[987481, 887481, 787481, 687481, 587481, 487481, 387481, 287481, 187481, 87481]"
59,600m,64,256,1,10,5.8175013065338135,"[992864, 892864, 792864, 692864, 592864, 492864, 392864, 292864, 192864, 92864]"
60,600m,64,256,1,10,5.907677888870239,"[999968, 899968, 799968, 699968, 599968, 499968, 399968, 299968, 199968, 99968]"
61,600m,64,256,1,10,5.780207633972168,"[938971, 838971, 738971, 638971, 538971, 438971, 338971, 238971, 138971, 38971]"
62,600m,64,256,1,10,5.900505781173706,"[956065, 856065, 756065, 656065, 556065, 456065, 356065, 256065, 156065, 56065]"
63,600m,64,256,1,10,6.217655658721924,"[925476, 825476, 725476, 625476, 525476, 425476, 325476, 225476, 125476, 25476]"
64,600m,64,256,1,10,5.861972808837891,"[941983, 841983, 741983, 641983, 541983, 441983, 341983, 241983, 141983, 41983]"
65,600m,64,256,1,10,5.828949689865112,"[954380, 854380, 754380, 654380, 554380, 454380, 354380, 254380, 154380, 54380]"
66,600m,64,256,1,10,5.698150157928467,"[924894, 824894, 724894, 624894, 524894, 424894, 324894, 224894, 124894, 24894]"
67,600m,64,256,1,10,5.959516763687134,"[939116, 839116, 739116, 639116, 539116, 439116, 339116, 239116, 139116, 39116]"
68,600m,64,256,1,10,6.500680208206177,"[978380, 878380, 778380, 678380, 578380, 478380, 378380, 278380, 178380, 78380]"
69,600m,64,256,1,10,6.431149244308472,"[926632, 826632, 726632, 626632, 526632, 426632, 326632, 226632, 126632, 26632]"
70,600m,64,256,1,10,5.592416048049927,"[973873, 873873, 773873, 673873, 573873, 473873, 373873, 273873, 173873, 73873]"
71,600m,64,256,1,10,5.754924535751343,"[963517, 863517, 763517, 663517, 563517, 463517, 363517, 263517, 163517, 63517]"
72,600m,64,256,1,10,5.785656452178955,"[929211, 829211, 729211, 629211, 529211, 429211, 329211, 229211, 129211, 29211]"
73,600m,64,256,1,10,6.064291954040527,"[961419, 861419, 761419, 661419, 561419, 461419, 361419, 261419, 161419, 61419]"
74,600m,64,256,1,10,5.766725540161133,"[968711, 868711, 768711, 668711, 568711, 468711, 368711, 268711, 168711, 68711]"
75,600m,64,256,1,10,5.745760917663574,"[929886, 829886, 729886, 629886, 529886, 429886, 329886, 229886, 129886, 29886]"
76,600m,64,256,1,10,5.742166519165039,"[916724, 816724, 716724, 616724, 516724, 416724, 316724, 216724, 116724, 16724]"
77,600m,64,256,1,10,5.827088356018066,"[916476, 816476, 716476, 616476, 516476, 416476, 316476, 216476, 116476, 16476]"
78,600m,64,256,1,10,6.208012819290161,"[910127, 810127, 710127, 610127, 510127, 410127, 310127, 210127, 110127, 10127]"
79,600m,64,256,1,10,5.593833923339844,"[959448, 859448, 759448, 659448, 559448, 459448, 359448, 259448, 159448, 59448]"
80,600m,64,256,1,10,5.666875600814819,"[938438, 838438, 738438, 638438, 538438, 438438, 338438, 238438, 138438, 38438]"
81,600m,64,256,1,10,5.855252742767334,"[969883, 869883, 769883, 669883, 569883, 469883, 369883, 269883, 169883, 69883]"
82,600m,64,256,1,10,5.814626455307007,"[917403, 817403, 717403, 617403, 517403, 417403, 317403, 217403, 117403, 17403]"
83,600m,64,256,1,10,6.025341987609863,"[946334, 846334, 746334, 646334, 546334, 446334, 346334, 246334, 146334, 46334]"
84,600m,64,256,1,10,5.714777231216431,"[930316, 830316, 730316, 630316, 530316, 430316, 330316, 230316, 130316, 30316]"
85,600m,64,256,1,10,5.67434287071228,"[971760, 871760, 771760, 671760, 571760, 471760, 371760, 271760, 171760, 71760]"
86,600m,64,256,1,10,5.588132381439209,"[973374, 873374, 773374, 673374, 573374, 473374, 373374, 273374, 173374, 73374]"
87,600m,64,256,1,10,6.085965394973755,"[983000, 883000, 783000, 683000, 583000, 483000, 383000, 283000, 183000, 83000]"
88,600m,64,256,1,10,6.018502473831177,"[905298, 805298, 705298, 605298, 505298, 405298, 305298, 205298, 105298, 5298]"
89,600m,64,256,1,10,6.3359246253967285,"[957267, 857267, 757267, 657267, 557267, 457267, 357267, 257267, 157267, 57267]"
90,600m,64,256,1,10,5.849948406219482,"[995114, 895114, 795114, 695114, 595114, 495114, 395114, 295114, 195114, 95114]"
91,600m,64,256,1,10,5.840808153152466,"[991707, 891707, 791707, 691707, 591707, 491707, 391707, 291707, 191707, 91707]"
92,600m,64,256,1,10,5.94809365272522,"[960893, 860893, 760893, 660893, 560893, 460893, 360893, 260893, 160893, 60893]"
93,600m,64,256,1,10,5.947859525680542,"[982286, 882286, 782286, 682286, 582286, 482286, 382286, 282286, 182286, 82286]"
94,600m,64,256,1,10,5.792893648147583,"[935928, 835928, 735928, 635928, 535928, 435928, 335928, 235928, 135928, 35928]"
95,600m,64,256,1,10,6.025335073471069,"[969883, 869883, 769883, 669883, 569883, 469883, 369883, 269883, 169883, 69883]"
96,600m,64,256,1,10,6.2588605880737305,"[932243, 832243, 732243, 632243, 532243, 432243, 332243, 232243, 132243, 32243]"
97,600m,64,256,1,10,5.998982667922974,"[980944, 880944, 780944, 680944, 580944, 480944, 380944, 280944, 180944, 80944]"
98,600m,64,256,1,10,5.948490619659424,"[963517, 863517, 763517, 663517, 563517, 463517, 363517, 263517, 163517, 63517]"
99,600m,64,256,1,10,5.974269390106201,"[945515, 845515, 745515, 645515, 545515, 445515, 345515, 245515, 145515, 45515]"
100,600m,64,256,1,10,5.865593194961548,"[983642, 883642, 783642, 683642, 583642, 483642, 383642, 283642, 183642, 83642]"
101,600m,64,256,1,10,5.822112321853638,"[948493, 848493, 748493, 648493, 548493, 448493, 348493, 248493, 148493, 48493]"
102,600m,64,256,1,10,5.8310887813568115,"[948493, 848493, 748493, 648493, 548493, 448493, 348493, 248493, 148493, 48493]"
103,600m,64,256,1,10,5.793566465377808,"[935026, 835026, 735026, 635026, 535026, 435026, 335026, 235026, 135026, 35026]"
104,600m,64,256,1,10,6.04946494102478,"[945859, 845859, 745859, 645859, 545859, 445859, 345859, 245859, 145859, 45859]"
105,600m,64,256,1,10,5.726658344268799,"[963517, 863517, 763517, 663517, 563517, 463517, 363517, 263517, 163517, 63517]"
106,600m,64,256,1,10,6.090141773223877,"[984117, 884117, 784117, 684117, 584117, 484117, 384117, 284117, 184117, 84117]"
107,600m,64,256,1,10,5.7907116413116455,"[961419, 861419, 761419, 661419, 561419, 461419, 361419, 261419, 161419, 61419]"
108,600m,64,256,1,10,5.703709602355957,"[989510, 889510, 789510, 689510, 589510, 489510, 389510, 289510, 189510, 89510]"
109,600m,64,256,1,10,5.69892954826355,"[918101, 818101, 718101, 618101, 518101, 418101, 318101, 218101, 118101, 18101]"
110,600m,64,256,1,10,5.761757135391235,"[900497, 800497, 700497, 600497, 500497, 400497, 300497, 200497, 100497, 497]"
111,600m,64,256,1,10,5.954975366592407,"[913853, 813853, 713853, 613853, 513853, 413853, 313853, 213853, 113853, 13853]"
112,600m,64,256,1,10,5.792332172393799,"[963517, 863517, 763517, 663517, 563517, 463517, 363517, 263517, 163517, 63517]"
113,600m,64,256,1,10,6.0140814781188965,"[939247, 839247, 739247, 639247, 539247, 439247, 339247, 239247, 139247, 39247]"
114,600m,64,256,1,10,5.775867700576782,"[948493, 848493, 748493, 648493, 548493, 448493, 348493, 248493, 148493, 48493]"
115,600m,64,256,1,10,6.1667115688323975,"[950980, 850980, 750980, 650980, 550980, 450980, 350980, 250980, 150980, 50980]"
116,600m,64,256,1,10,5.682602167129517,"[981508, 881508, 781508, 681508, 581508, 481508, 381508, 281508, 181508, 81508]"
117,600m,64,256,1,10,6.10145902633667,"[954413, 854413, 754413, 654413, 554413, 454413, 354413, 254413, 154413, 54413]"
118,600m,64,256,1,10,6.119283437728882,"[910441, 810441, 710441, 610441, 510441, 410441, 310441, 210441, 110441, 10441]"
119,600m,64,256,1,10,5.421732187271118,"[939247, 839247, 739247, 639247, 539247, 439247, 339247, 239247, 139247, 39247]"
120,600m,64,256,1,10,6.1284873485565186,"[932265, 832265, 732265, 632265, 532265, 432265, 332265, 232265, 132265, 32265]"
121,600m,64,256,1,10,5.801135778427124,"[995114, 895114, 795114, 695114, 595114, 495114, 395114, 295114, 195114, 95114]"
122,600m,64,256,1,10,5.509141683578491,"[905476, 805476, 705476, 605476, 505476, 405476, 305476, 205476, 105476, 5476]"
123,600m,64,256,1,10,5.640427350997925,"[939247, 839247, 739247, 639247, 539247, 439247, 339247, 239247, 139247, 39247]"
124,600m,64,256,1,10,5.745100498199463,"[946334, 846334, 746334, 646334, 546334, 446334, 346334, 246334, 146334, 46334]"
125,600m,64,256,1,10,5.797987699508667,"[975881, 875881, 775881, 675881, 575881, 475881, 375881, 275881, 175881, 75881]"
126,600m,64,256,1,10,5.811508655548096,"[916724, 816724, 716724, 616724, 516724, 416724, 316724, 216724, 116724, 16724]"
127,600m,64,256,1,10,5.923551797866821,"[958250, 858250, 758250, 658250, 558250, 458250, 358250, 258250, 158250, 58250]"
128,600m,64,256,1,10,5.77821946144104,"[946438, 846438, 746438, 646438, 546438, 446438, 346438, 246438, 146438, 46438]"
129,600m,64,256,1,10,5.951054334640503,"[981794, 881794, 781794, 681794, 581794, 481794, 381794, 281794, 181794, 81794]"
130,600m,64,256,1,10,5.79775595664978,"[996954, 896954, 796954, 696954, 596954, 496954, 396954, 296954, 196954, 96954]"
131,600m,64,256,1,10,5.973862171173096,"[991707, 891707, 791707, 691707, 591707, 491707, 391707, 291707, 191707, 91707]"
132,600m,64,256,1,10,5.974897146224976,"[981794, 881794, 781794, 681794, 581794, 481794, 381794, 281794, 181794, 81794]"
133,600m,64,256,1,10,6.001867771148682,"[969997, 869997, 769997, 669997, 569997, 469997, 369997, 269997, 169997, 69997]"
134,600m,64,256,1,10,5.755270481109619,"[998583, 898583, 798583, 698583, 598583, 498583, 398583, 298583, 198583, 98583]"
135,600m,64,256,1,10,5.8197619915008545,"[932265, 832265, 732265, 632265, 532265, 432265, 332265, 232265, 132265, 32265]"
136,600m,64,256,1,10,5.739143371582031,"[946438, 846438, 746438, 646438, 546438, 446438, 346438, 246438, 146438, 46438]"
137,600m,64,256,1,10,6.000577211380005,"[911502, 811502, 711502, 611502, 511502, 411502, 311502, 211502, 111502, 11502]"
138,600m,64,256,1,10,6.157259941101074,"[943925, 843925, 743925, 643925, 543925, 443925, 343925, 243925, 143925, 43925]"
139,600m,64,256,1,10,5.941259860992432,"[952089, 852089, 752089, 652089, 552089, 452089, 352089, 252089, 152089, 52089]"
140,600m,64,256,1,10,5.737000226974487,"[995114, 895114, 795114, 695114, 595114, 495114, 395114, 295114, 195114, 95114]"
141,600m,64,256,1,10,6.155667543411255,"[969997, 869997, 769997, 669997, 569997, 469997, 369997, 269997, 169997, 69997]"
142,600m,64,256,1,10,6.06214714050293,"[916476, 816476, 716476, 616476, 516476, 416476, 316476, 216476, 116476, 16476]"
143,600m,64,256,1,10,5.634868383407593,"[907980, 807980, 707980, 607980, 507980, 407980, 307980, 207980, 107980, 7980]"
144,600m,64,256,1,10,5.983770370483398,"[910127, 810127, 710127, 610127, 510127, 410127, 310127, 210127, 110127, 10127]"
145,600m,64,256,1,10,5.9750165939331055,"[948493, 848493, 748493, 648493, 548493, 448493, 348493, 248493, 148493, 48493]"
146,600m,64,256,1,10,6.1108598709106445,"[913384, 813384, 713384, 613384, 513384, 413384, 313384, 213384, 113384, 13384]"
147,600m,64,256,1,10,5.7305872440338135,"[995114, 895114, 795114, 695114, 595114, 495114, 395114, 295114, 195114, 95114]"
148,600m,64,256,1,10,5.783831596374512,"[984708, 884708, 784708, 684708, 584708, 484708, 384708, 284708, 184708, 84708]"
149,600m,64,256,1,10,5.726733446121216,"[944059, 844059, 744059, 644059, 544059, 444059, 344059, 244059, 144059, 44059]"
150,600m,64,256,1,10,5.874390125274658,"[963517, 863517, 763517, 663517, 563517, 463517, 363517, 263517, 163517, 63517]"
151,600m,64,256,1,10,6.1053125858306885,"[992884, 892884, 792884, 692884, 592884, 492884, 392884, 292884, 192884, 92884]"
152,600m,64,256,1,10,5.63915228843689,"[959533, 859533, 759533, 659533, 559533, 459533, 359533, 259533, 159533, 59533]"
153,600m,64,256,1,10,5.80265212059021,"[991707, 891707, 791707, 691707, 591707, 491707, 391707, 291707, 191707, 91707]"
154,600m,64,256,1,10,6.04927134513855,"[988686, 888686, 788686, 688686, 588686, 488686, 388686, 288686, 188686, 88686]"
155,600m,64,256,1,10,6.189423084259033,"[906923, 806923, 706923, 606923, 506923, 406923, 306923, 206923, 106923, 6923]"
156,600m,64,256,1,10,6.36004376411438,"[966244, 866244, 766244, 666244, 566244, 466244, 366244, 266244, 166244, 66244]"
157,600m,64,256,1,10,6.022071599960327,"[931061, 831061, 731061, 631061, 531061, 431061, 331061, 231061, 131061, 31061]"
158,600m,64,256,1,10,5.930640459060669,"[995114, 895114, 795114, 695114, 595114, 495114, 395114, 295114, 195114, 95114]"
159,600m,64,256,1,10,5.753031969070435,"[993019, 893019, 793019, 693019, 593019, 493019, 393019, 293019, 193019, 93019]"
160,600m,64,256,1,10,6.101151704788208,"[938210, 838210, 738210, 638210, 538210, 438210, 338210, 238210, 138210, 38210]"
161,600m,64,256,1,10,5.8718225955963135,"[968365, 868365, 768365, 668365, 568365, 468365, 368365, 268365, 168365, 68365]"
162,600m,64,256,1,10,6.274253606796265,"[943707, 843707, 743707, 643707, 543707, 443707, 343707, 243707, 143707, 43707]"
163,600m,64,256,1,10,6.084576606750488,"[963517, 863517, 763517, 663517, 563517, 463517, 363517, 263517, 163517, 63517]"
164,600m,64,256,1,10,5.813404083251953,"[929211, 829211, 729211, 629211, 529211, 429211, 329211, 229211, 129211, 29211]"
165,600m,64,256,1,10,5.964974403381348,"[934050, 834050, 734050, 634050, 534050, 434050, 334050, 234050, 134050, 34050]"
166,600m,64,256,1,10,6.107408761978149,"[932760, 832760, 732760, 632760, 532760, 432760, 332760, 232760, 132760, 32760]"
167,600m,64,256,1,10,6.130568265914917,"[977263, 877263, 777263, 677263, 577263, 477263, 377263, 277263, 177263, 77263]"
168,600m,64,256,1,10,5.995596408843994,"[978154, 878154, 778154, 678154, 578154, 478154, 378154, 278154, 178154, 78154]"
169,600m,64,256,1,10,5.696575403213501,"[913053, 813053, 713053, 613053, 513053, 413053, 313053, 213053, 113053, 13053]"
170,600m,64,256,1,10,5.934966325759888,"[940535, 840535, 740535, 640535, 540535, 440535, 340535, 240535, 140535, 40535]"
171,600m,64,256,1,10,6.187173843383789,"[988712, 888712, 788712, 688712, 588712, 488712, 388712, 288712, 188712, 88712]"
172,600m,64,256,1,10,5.8302788734436035,"[958219, 858219, 758219, 658219, 558219, 458219, 358219, 258219, 158219, 58219]"
173,600m,64,256,1,10,5.917165040969849,"[958488, 858488, 758488, 658488, 558488, 458488, 358488, 258488, 158488, 58488]"
174,600m,64,256,1,10,5.686612606048584,"[981794, 881794, 781794, 681794, 581794, 481794, 381794, 281794, 181794, 81794]"
175,600m,64,256,1,10,5.770535945892334,"[958219, 858219, 758219, 658219, 558219, 458219, 358219, 258219, 158219, 58219]"
176,600m,64,256,1,10,5.810571193695068,"[969883, 869883, 769883, 669883, 569883, 469883, 369883, 269883, 169883, 69883]"
177,600m,64,256,1,10,5.683656692504883,"[953008, 853008, 753008, 653008, 553008, 453008, 353008, 253008, 153008, 53008]"
178,600m,64,256,1,10,5.546152114868164,"[905298, 805298, 705298, 605298, 505298, 405298, 305298, 205298, 105298, 5298]"
179,600m,64,256,1,10,5.771829605102539,"[948493, 848493, 748493, 648493, 548493, 448493, 348493, 248493, 148493, 48493]"
180,600m,64,256,1,10,6.121354103088379,"[950980, 850980, 750980, 650980, 550980, 450980, 350980, 250980, 150980, 50980]"
181,600m,64,256,1,10,5.793095827102661,"[915156, 815156, 715156, 615156, 515156, 415156, 315156, 215156, 115156, 15156]"
182,600m,64,256,1,10,5.782808303833008,"[988036, 888036, 788036, 688036, 588036, 488036, 388036, 288036, 188036, 88036]"
183,600m,64,256,1,10,5.714356899261475,"[939247, 839247, 739247, 639247, 539247, 439247, 339247, 239247, 139247, 39247]"
184,600m,64,256,1,10,5.794111967086792,"[981600, 881600, 781600, 681600, 581600, 481600, 381600, 281600, 181600, 81600]"
185,600m,64,256,1,10,5.809523820877075,"[910127, 810127, 710127, 610127, 510127, 410127, 310127, 210127, 110127, 10127]"
186,600m,64,256,1,10,6.1362385749816895,"[905593, 805593, 705593, 605593, 505593, 405593, 305593, 205593, 105593, 5593]"
187,600m,64,256,1,10,5.871060848236084,"[958219, 858219, 758219, 658219, 558219, 458219, 358219, 258219, 158219, 58219]"
188,600m,64,256,1,10,5.595402479171753,"[906469, 806469, 706469, 606469, 506469, 406469, 306469, 206469, 106469, 6469]"
189,600m,64,256,1,10,5.851025819778442,"[982939, 882939, 782939, 682939, 582939, 482939, 382939, 282939, 182939, 82939]"
190,600m,64,256,1,10,6.142689943313599,"[946438, 846438, 746438, 646438, 546438, 446438, 346438, 246438, 146438, 46438]"
191,600m,64,256,1,10,5.675586223602295,"[975881, 875881, 775881, 675881, 575881, 475881, 375881, 275881, 175881, 75881]"
192,600m,64,256,1,10,5.598976373672485,"[943925, 843925, 743925, 643925, 543925, 443925, 343925, 243925, 143925, 43925]"
193,600m,64,256,1,10,5.615571975708008,"[903116, 803116, 703116, 603116, 503116, 403116, 303116, 203116, 103116, 3116]"
194,600m,64,256,1,10,6.003669261932373,"[973472, 873472, 773472, 673472, 573472, 473472, 373472, 273472, 173472, 73472]"
195,600m,64,256,1,10,5.695460557937622,"[992864, 892864, 792864, 692864, 592864, 492864, 392864, 292864, 192864, 92864]"
196,600m,64,256,1,10,5.765031814575195,"[907710, 807710, 707710, 607710, 507710, 407710, 307710, 207710, 107710, 7710]"
197,600m,64,256,1,10,6.126152038574219,"[900624, 800624, 700624, 600624, 500624, 400624, 300624, 200624, 100624, 624]"
198,600m,64,256,1,10,5.713912725448608,"[983642, 883642, 783642, 683642, 583642, 483642, 383642, 283642, 183642, 83642]"
199,600m,64,256,1,10,5.800204753875732,"[983000, 883000, 783000, 683000, 583000, 483000, 383000, 283000, 183000, 83000]"
200,600m,64,256,1,10,6.096453905105591,"[979496, 879496, 779496, 679496, 579496, 479496, 379496, 279496, 179496, 79496]"
201,600m,64,256,1,10,5.727236270904541,"[995114, 895114, 795114, 695114, 595114, 495114, 395114, 295114, 195114, 95114]"
202,600m,64,256,1,10,5.822237014770508,"[948493, 848493, 748493, 648493, 548493, 448493, 348493, 248493, 148493, 48493]"
203,600m,64,256,1,10,5.733834505081177,"[911502, 811502, 711502, 611502, 511502, 411502, 311502, 211502, 111502, 11502]"
204,600m,64,256,1,10,5.890127897262573,"[968365, 868365, 768365, 668365, 568365, 468365, 368365, 268365, 168365, 68365]"
205,600m,64,256,1,10,5.78451132774353,"[988521, 888521, 788521, 688521, 588521, 488521, 388521, 288521, 188521, 88521]"
206,600m,64,256,1,10,5.973459959030151,"[954264, 854264, 754264, 654264, 554264, 454264, 354264, 254264, 154264, 54264]"
207,600m,64,256,1,10,5.48377799987793,"[939247, 839247, 739247, 639247, 539247, 439247, 339247, 239247, 139247, 39247]"
208,600m,64,256,1,10,5.844409942626953,"[981600, 881600, 781600, 681600, 581600, 481600, 381600, 281600, 181600, 81600]"
209,600m,64,256,1,10,5.653609275817871,"[939247, 839247, 739247, 639247, 539247, 439247, 339247, 239247, 139247, 39247]"
210,600m,64,256,1,10,5.774164915084839,"[911502, 811502, 711502, 611502, 511502, 411502, 311502, 211502, 111502, 11502]"
211,600m,64,256,1,10,5.839649438858032,"[942634, 842634, 742634, 642634, 542634, 442634, 342634, 242634, 142634, 42634]"
212,600m,64,256,1,10,5.569567918777466,"[958219, 858219, 758219, 658219, 558219, 458219, 358219, 258219, 158219, 58219]"
213,600m,64,256,1,10,5.817940711975098,"[970395, 870395, 770395, 670395, 570395, 470395, 370395, 270395, 170395, 70395]"
214,600m,64,256,1,10,6.019653558731079,"[921829, 821829, 721829, 621829, 521829, 421829, 321829, 221829, 121829, 21829]"
215,600m,64,256,1,10,5.711542844772339,"[996954, 896954, 796954, 696954, 596954, 496954, 396954, 296954, 196954, 96954]"
216,600m,64,256,1,10,5.828005313873291,"[907710, 807710, 707710, 607710, 507710, 407710, 307710, 207710, 107710, 7710]"
217,600m,64,256,1,10,5.614434480667114,"[939247, 839247, 739247, 639247, 539247, 439247, 339247, 239247, 139247, 39247]"
218,600m,64,256,1,10,6.081330060958862,"[963517, 863517, 763517, 663517, 563517, 463517, 363517, 263517, 163517, 63517]"
219,600m,64,256,1,10,5.719483852386475,"[962444, 862444, 762444, 662444, 562444, 462444, 362444, 262444, 162444, 62444]"
220,600m,64,256,1,10,6.054840803146362,"[943925, 843925, 743925, 643925, 543925, 443925, 343925, 243925, 143925, 43925]"
221,600m,64,256,1,10,5.950703144073486,"[958219, 858219, 758219, 658219, 558219, 458219, 358219, 258219, 158219, 58219]"
222,600m,64,256,1,10,6.10973048210144,"[926632, 826632, 726632, 626632, 526632, 426632, 326632, 226632, 126632, 26632]"
223,600m,64,256,1,10,5.79016375541687,"[928558, 828558, 728558, 628558, 528558, 428558, 328558, 228558, 128558, 28558]"
224,600m,64,256,1,10,6.120153903961182,"[969997, 869997, 769997, 669997, 569997, 469997, 369997, 269997, 169997, 69997]"
225,600m,64,256,1,10,5.6421215534210205,"[991707, 891707, 791707, 691707, 591707, 491707, 391707, 291707, 191707, 91707]"
226,600m,64,256,1,10,5.987652063369751,"[955825, 855825, 755825, 655825, 555825, 455825, 355825, 255825, 155825, 55825]"
227,600m,64,256,1,10,6.222482919692993,"[917403, 817403, 717403, 617403, 517403, 417403, 317403, 217403, 117403, 17403]"
228,600m,64,256,1,10,5.711205720901489,"[969348, 869348, 769348, 669348, 569348, 469348, 369348, 269348, 169348, 69348]"
229,600m,64,256,1,10,5.888885259628296,"[906697, 806697, 706697, 606697, 506697, 406697, 306697, 206697, 106697, 6697]"
230,600m,64,256,1,10,5.399750709533691,"[967419, 867419, 767419, 667419, 567419, 467419, 367419, 267419, 167419, 67419]"
231,600m,64,256,1,10,5.733307600021362,"[957588, 857588, 757588, 657588, 557588, 457588, 357588, 257588, 157588, 57588]"
232,600m,64,256,1,10,6.177060604095459,"[999229, 899229, 799229, 699229, 599229, 499229, 399229, 299229, 199229, 99229]"
233,600m,64,256,1,10,5.834794282913208,"[993954, 893954, 793954, 693954, 593954, 493954, 393954, 293954, 193954, 93954]"
234,600m,64,256,1,10,5.988936901092529,"[987039, 887039, 787039, 687039, 587039, 487039, 387039, 287039, 187039, 87039]"
235,600m,64,256,1,10,5.9584431648254395,"[981600, 881600, 781600, 681600, 581600, 481600, 381600, 281600, 181600, 81600]"
236,600m,64,256,1,10,6.0066962242126465,"[995114, 895114, 795114, 695114, 595114, 495114, 395114, 295114, 195114, 95114]"
237,600m,64,256,1,10,5.976557970046997,"[987844, 887844, 787844, 687844, 587844, 487844, 387844, 287844, 187844, 87844]"
238,600m,64,256,1,10,5.8810505867004395,"[903542, 803542, 703542, 603542, 503542, 403542, 303542, 203542, 103542, 3542]"
239,600m,64,256,1,10,5.72057318687439,"[911339, 811339, 711339, 611339, 511339, 411339, 311339, 211339, 111339, 11339]"
240,600m,64,256,1,10,5.980095386505127,"[981870, 881870, 781870, 681870, 581870, 481870, 381870, 281870, 181870, 81870]"
241,600m,64,256,1,10,6.038673400878906,"[933896, 833896, 733896, 633896, 533896, 433896, 333896, 233896, 133896, 33896]"
242,600m,64,256,1,10,5.7659711837768555,"[935026, 835026, 735026, 635026, 535026, 435026, 335026, 235026, 135026, 35026]"
243,600m,64,256,1,10,5.729382753372192,"[931048, 831048, 731048, 631048, 531048, 431048, 331048, 231048, 131048, 31048]"
244,600m,64,256,1,10,5.683056354522705,"[991707, 891707, 791707, 691707, 591707, 491707, 391707, 291707, 191707, 91707]"
245,600m,64,256,1,10,5.6917102336883545,"[974698, 874698, 774698, 674698, 574698, 474698, 374698, 274698, 174698, 74698]"
246,600m,64,256,1,10,5.851245403289795,"[911502, 811502, 711502, 611502, 511502, 411502, 311502, 211502, 111502, 11502]"
247,600m,64,256,1,10,5.604711294174194,"[911502, 811502, 711502, 611502, 511502, 411502, 311502, 211502, 111502, 11502]"
248,600m,64,256,1,10,6.310587167739868,"[958219, 858219, 758219, 658219, 558219, 458219, 358219, 258219, 158219, 58219]"
249,600m,64,256,1,10,5.691784381866455,"[990136, 890136, 790136, 690136, 590136, 490136, 390136, 290136, 190136, 90136]"
250,600m,64,256,1,10,5.982541799545288,"[949188, 849188, 749188, 649188, 549188, 449188, 349188, 249188, 149188, 49188]"
251,600m,64,256,1,10,5.663086414337158,"[943315, 843315, 743315, 643315, 543315, 443315, 343315, 243315, 143315, 43315]"
252,600m,64,256,1,10,5.734066486358643,"[992864, 892864, 792864, 692864, 592864, 492864, 392864, 292864, 192864, 92864]"
253,600m,64,256,1,10,6.021688938140869,"[960893, 860893, 760893, 660893, 560893, 460893, 360893, 260893, 160893, 60893]"
254,600m,64,256,1,10,5.754147052764893,"[939247, 839247, 739247, 639247, 539247, 439247, 339247, 239247, 139247, 39247]"
255,600m,64,256,1,10,5.833934545516968,"[991707, 891707, 791707, 691707, 591707, 491707, 391707, 291707, 191707, 91707]"
256,600m,64,256,1,10,5.503533124923706,"[939247, 839247, 739247, 639247, 539247, 439247, 339247, 239247, 139247, 39247]"
257,600m,64,256,1,10,5.922379493713379,"[950980, 850980, 750980, 650980, 550980, 450980, 350980, 250980, 150980, 50980]"
258,600m,64,256,1,10,5.641380786895752,"[950980, 850980, 750980, 650980, 550980, 450980, 350980, 250980, 150980, 50980]"
259,600m,64,256,1,10,5.638365745544434,"[963517, 863517, 763517, 663517, 563517, 463517, 363517, 263517, 163517, 63517]"
260,600m,64,256,1,10,6.062079191207886,"[969883, 869883, 769883, 669883, 569883, 469883, 369883, 269883, 169883, 69883]"
261,600m,64,256,1,10,6.098206996917725,"[926753, 826753, 726753, 626753, 526753, 426753, 326753, 226753, 126753, 26753]"
262,600m,64,256,1,10,6.172229766845703,"[946438, 846438, 746438, 646438, 546438, 446438, 346438, 246438, 146438, 46438]"
263,600m,64,256,1,10,5.790760517120361,"[939247, 839247, 739247, 639247, 539247, 439247, 339247, 239247, 139247, 39247]"
264,600m,64,256,1,10,5.499318361282349,"[998279, 898279, 798279, 698279, 598279, 498279, 398279, 298279, 198279, 98279]"
265,600m,64,256,1,10,5.93004584312439,"[963517, 863517, 763517, 663517, 563517, 463517, 363517, 263517, 163517, 63517]"
266,600m,64,256,1,10,5.743506193161011,"[984408, 884408, 784408, 684408, 584408, 484408, 384408, 284408, 184408, 84408]"
267,600m,64,256,1,10,5.710795640945435,"[901375, 801375, 701375, 601375, 501375, 401375, 301375, 201375, 101375, 1375]"
268,600m,64,256,1,10,5.876366853713989,"[941210, 841210, 741210, 641210, 541210, 441210, 341210, 241210, 141210, 41210]"
269,600m,64,256,1,10,5.922724723815918,"[943925, 843925, 743925, 643925, 543925, 443925, 343925, 243925, 143925, 43925]"
270,600m,64,256,1,10,5.81577205657959,"[941983, 841983, 741983, 641983, 541983, 441983, 341983, 241983, 141983, 41983]"
271,600m,64,256,1,10,6.030730485916138,"[981794, 881794, 781794, 681794, 581794, 481794, 381794, 281794, 181794, 81794]"
272,600m,64,256,1,10,6.017852544784546,"[901908, 801908, 701908, 601908, 501908, 401908, 301908, 201908, 101908, 1908]"
273,600m,64,256,1,10,5.726515054702759,"[963517, 863517, 763517, 663517, 563517, 463517, 363517, 263517, 163517, 63517]"
274,600m,64,256,1,10,6.076775074005127,"[916674, 816674, 716674, 616674, 516674, 416674, 316674, 216674, 116674, 16674]"
275,600m,64,256,1,10,6.014458656311035,"[961419, 861419, 761419, 661419, 561419, 461419, 361419, 261419, 161419, 61419]"
276,600m,64,256,1,10,5.966428995132446,"[900527, 800527, 700527, 600527, 500527, 400527, 300527, 200527, 100527, 527]"
277,600m,64,256,1,10,5.775668144226074,"[982286, 882286, 782286, 682286, 582286, 482286, 382286, 282286, 182286, 82286]"
278,600m,64,256,1,10,5.928939580917358,"[918759, 818759, 718759, 618759, 518759, 418759, 318759, 218759, 118759, 18759]"
279,600m,64,256,1,10,5.863203048706055,"[945515, 845515, 745515, 645515, 545515, 445515, 345515, 245515, 145515, 45515]"
280,600m,64,256,1,10,5.40217661857605,"[963517, 863517, 763517, 663517, 563517, 463517, 363517, 263517, 163517, 63517]"
281,600m,64,256,1,10,5.870196104049683,"[934050, 834050, 734050, 634050, 534050, 434050, 334050, 234050, 134050, 34050]"
282,600m,64,256,1,10,5.922811508178711,"[911502, 811502, 711502, 611502, 511502, 411502, 311502, 211502, 111502, 11502]"
283,600m,64,256,1,10,5.946317434310913,"[958219, 858219, 758219, 658219, 558219, 458219, 358219, 258219, 158219, 58219]"
284,600m,64,256,1,10,5.827406406402588,"[908410, 808410, 708410, 608410, 508410, 408410, 308410, 208410, 108410, 8410]"
285,600m,64,256,1,10,5.7174341678619385,"[912148, 812148, 712148, 612148, 512148, 412148, 312148, 212148, 112148, 12148]"
286,600m,64,256,1,10,5.927839994430542,"[943925, 843925, 743925, 643925, 543925, 443925, 343925, 243925, 143925, 43925]"
287,600m,64,256,1,10,5.920552968978882,"[918101, 818101, 718101, 618101, 518101, 418101, 318101, 218101, 118101, 18101]"
288,600m,64,256,1,10,5.836849689483643,"[930114, 830114, 730114, 630114, 530114, 430114, 330114, 230114, 130114, 30114]"
289,600m,64,256,1,10,5.716277837753296,"[932539, 832539, 732539, 632539, 532539, 432539, 332539, 232539, 132539, 32539]"
290,600m,64,256,1,10,5.476741075515747,"[916724, 816724, 716724, 616724, 516724, 416724, 316724, 216724, 116724, 16724]"
291,600m,64,256,1,10,5.92275857925415,"[906678, 806678, 706678, 606678, 506678, 406678, 306678, 206678, 106678, 6678]"
292,600m,64,256,1,10,5.766798257827759,"[939247, 839247, 739247, 639247, 539247, 439247, 339247, 239247, 139247, 39247]"
293,600m,64,256,1,10,6.125792026519775,"[939247, 839247, 739247, 639247, 539247, 439247, 339247, 239247, 139247, 39247]"
294,600m,64,256,1,10,5.8219153881073,"[968365, 868365, 768365, 668365, 568365, 468365, 368365, 268365, 168365, 68365]"
295,600m,64,256,1,10,5.640117168426514,"[977991, 877991, 777991, 677991, 577991, 477991, 377991, 277991, 177991, 77991]"
296,600m,64,256,1,10,5.769747018814087,"[932539, 832539, 732539, 632539, 532539, 432539, 332539, 232539, 132539, 32539]"
297,600m,64,256,1,10,5.848779201507568,"[995266, 895266, 795266, 695266, 595266, 495266, 395266, 295266, 195266, 95266]"
298,600m,64,256,1,10,5.597461938858032,"[932760, 832760, 732760, 632760, 532760, 432760, 332760, 232760, 132760, 32760]"
299,600m,64,256,1,10,5.76999568939209,"[943925, 843925, 743925, 643925, 543925, 443925, 343925, 243925, 143925, 43925]"
300,600m,64,256,1,10,5.8095598220825195,"[967885, 867885, 767885, 667885, 567885, 467885, 367885, 267885, 167885, 67885]"
301,600m,64,256,1,10,5.942668914794922,"[907691, 807691, 707691, 607691, 507691, 407691, 307691, 207691, 107691, 7691]"
302,600m,64,256,1,10,5.698195695877075,"[997972, 897972, 797972, 697972, 597972, 497972, 397972, 297972, 197972, 97972]"
303,600m,64,256,1,10,5.928314685821533,"[993019, 893019, 793019, 693019, 593019, 493019, 393019, 293019, 193019, 93019]"
304,600m,64,256,1,10,5.8556904792785645,"[969445, 869445, 769445, 669445, 569445, 469445, 369445, 269445, 169445, 69445]"
305,600m,64,256,1,10,5.906224489212036,"[946486, 846486, 746486, 646486, 546486, 446486, 346486, 246486, 146486, 46486]"
306,600m,64,256,1,10,5.85821270942688,"[924894, 824894, 724894, 624894, 524894, 424894, 324894, 224894, 124894, 24894]"
307,600m,64,256,1,10,6.3430094718933105,"[993019, 893019, 793019, 693019, 593019, 493019, 393019, 293019, 193019, 93019]"
308,600m,64,256,1,10,5.877596139907837,"[989661, 889661, 789661, 689661, 589661, 489661, 389661, 289661, 189661, 89661]"
309,600m,64,256,1,10,5.946853876113892,"[955413, 855413, 755413, 655413, 555413, 455413, 355413, 255413, 155413, 55413]"
310,600m,64,256,1,10,5.538719177246094,"[907980, 807980, 707980, 607980, 507980, 407980, 307980, 207980, 107980, 7980]"
311,600m,64,256,1,10,5.843016147613525,"[907710, 807710, 707710, 607710, 507710, 407710, 307710, 207710, 107710, 7710]"
312,600m,64,256,1,10,5.81400203704834,"[961655, 861655, 761655, 661655, 561655, 461655, 361655, 261655, 161655, 61655]"
313,600m,64,256,1,10,5.622857332229614,"[991707, 891707, 791707, 691707, 591707, 491707, 391707, 291707, 191707, 91707]"
314,600m,64,256,1,10,5.642965793609619,"[911502, 811502, 711502, 611502, 511502, 411502, 311502, 211502, 111502, 11502]"
315,600m,64,256,1,10,5.87338662147522,"[908208, 808208, 708208, 608208, 508208, 408208, 308208, 208208, 108208, 8208]"
316,600m,64,256,1,10,5.779794454574585,"[914979, 814979, 714979, 614979, 514979, 414979, 314979, 214979, 114979, 14979]"
317,600m,64,256,1,10,5.897942543029785,"[963517, 863517, 763517, 663517, 563517, 463517, 363517, 263517, 163517, 63517]"
318,600m,64,256,1,10,5.770001411437988,"[963517, 863517, 763517, 663517, 563517, 463517, 363517, 263517, 163517, 63517]"
319,600m,64,256,1,10,5.81090784072876,"[948493, 848493, 748493, 648493, 548493, 448493, 348493, 248493, 148493, 48493]"
320,600m,64,256,1,10,5.963294744491577,"[939247, 839247, 739247, 639247, 539247, 439247, 339247, 239247, 139247, 39247]"
321,600m,64,256,1,10,5.864440679550171,"[908053, 808053, 708053, 608053, 508053, 408053, 308053, 208053, 108053, 8053]"
322,600m,64,256,1,10,5.743745803833008,"[963517, 863517, 763517, 663517, 563517, 463517, 363517, 263517, 163517, 63517]"
323,600m,64,256,1,10,5.700319766998291,"[913853, 813853, 713853, 613853, 513853, 413853, 313853, 213853, 113853, 13853]"
324,600m,64,256,1,10,6.123089551925659,"[941983, 841983, 741983, 641983, 541983, 441983, 341983, 241983, 141983, 41983]"
325,600m,64,256,1,10,6.0672767162323,"[916724, 816724, 716724, 616724, 516724, 416724, 316724, 216724, 116724, 16724]"
326,600m,64,256,1,10,6.110405206680298,"[981250, 881250, 781250, 681250, 581250, 481250, 381250, 281250, 181250, 81250]"
327,600m,64,256,1,10,6.0440144538879395,"[969883, 869883, 769883, 669883, 569883, 469883, 369883, 269883, 169883, 69883]"
328,600m,64,256,1,10,5.6018476486206055,"[946438, 846438, 746438, 646438, 546438, 446438, 346438, 246438, 146438, 46438]"
329,600m,64,256,1,10,5.656903028488159,"[935026, 835026, 735026, 635026, 535026, 435026, 335026, 235026, 135026, 35026]"
330,600m,64,256,1,10,5.692628860473633,"[953659, 853659, 753659, 653659, 553659, 453659, 353659, 253659, 153659, 53659]"
331,600m,64,256,1,10,6.155780553817749,"[976335, 876335, 776335, 676335, 576335, 476335, 376335, 276335, 176335, 76335]"
332,600m,64,256,1,10,5.760667085647583,"[957267, 857267, 757267, 657267, 557267, 457267, 357267, 257267, 157267, 57267]"
333,600m,64,256,1,10,5.563740968704224,"[931061, 831061, 731061, 631061, 531061, 431061, 331061, 231061, 131061, 31061]"
334,600m,64,256,1,10,5.593724250793457,"[992247, 892247, 792247, 692247, 592247, 492247, 392247, 292247, 192247, 92247]"
335,600m,64,256,1,10,5.635071754455566,"[963517, 863517, 763517, 663517, 563517, 463517, 363517, 263517, 163517, 63517]"
336,600m,64,256,1,10,6.067678689956665,"[953427, 853427, 753427, 653427, 553427, 453427, 353427, 253427, 153427, 53427]"
337,600m,64,256,1,10,6.099102735519409,"[993019, 893019, 793019, 693019, 593019, 493019, 393019, 293019, 193019, 93019]"
338,600m,64,256,1,10,5.526726007461548,"[939247, 839247, 739247, 639247, 539247, 439247, 339247, 239247, 139247, 39247]"
339,600m,64,256,1,10,5.940302610397339,"[984408, 884408, 784408, 684408, 584408, 484408, 384408, 284408, 184408, 84408]"
340,600m,64,256,1,10,5.697838068008423,"[962444, 862444, 762444, 662444, 562444, 462444, 362444, 262444, 162444, 62444]"
341,600m,64,256,1,10,5.9366614818573,"[933112, 833112, 733112, 633112, 533112, 433112, 333112, 233112, 133112, 33112]"
342,600m,64,256,1,10,5.527345657348633,"[935026, 835026, 735026, 635026, 535026, 435026, 335026, 235026, 135026, 35026]"
343,600m,64,256,1,10,5.8230531215667725,"[915976, 815976, 715976, 615976, 515976, 415976, 315976, 215976, 115976, 15976]"
344,600m,64,256,1,10,5.809151649475098,"[995115, 895115, 795115, 695115, 595115, 495115, 395115, 295115, 195115, 95115]"
345,600m,64,256,1,10,6.366040945053101,"[958219, 858219, 758219, 658219, 558219, 458219, 358219, 258219, 158219, 58219]"
346,600m,64,256,1,10,5.915918588638306,"[914979, 814979, 714979, 614979, 514979, 414979, 314979, 214979, 114979, 14979]"
347,600m,64,256,1,10,5.793592214584351,"[981600, 881600, 781600, 681600, 581600, 481600, 381600, 281600, 181600, 81600]"
348,600m,64,256,1,10,5.822819232940674,"[967885, 867885, 767885, 667885, 567885, 467885, 367885, 267885, 167885, 67885]"
349,600m,64,256,1,10,5.988021373748779,"[981794, 881794, 781794, 681794, 581794, 481794, 381794, 281794, 181794, 81794]"
350,600m,64,256,1,10,5.678802251815796,"[963517, 863517, 763517, 663517, 563517, 463517, 363517, 263517, 163517, 63517]"
351,600m,64,256,1,10,5.882670640945435,"[958219, 858219, 758219, 658219, 558219, 458219, 358219, 258219, 158219, 58219]"
352,600m,64,256,1,10,5.800020694732666,"[969883, 869883, 769883, 669883, 569883, 469883, 369883, 269883, 169883, 69883]"
353,600m,64,256,1,10,6.021973133087158,"[967111, 867111, 767111, 667111, 567111, 467111, 367111, 267111, 167111, 67111]"
354,600m,64,256,1,10,5.728224515914917,"[939247, 839247, 739247, 639247, 539247, 439247, 339247, 239247, 139247, 39247]"
355,600m,64,256,1,10,5.851793527603149,"[958219, 858219, 758219, 658219, 558219, 458219, 358219, 258219, 158219, 58219]"
356,600m,64,256,1,10,5.75053858757019,"[977919, 877919, 777919, 677919, 577919, 477919, 377919, 277919, 177919, 77919]"
357,600m,64,256,1,10,5.865631341934204,"[938684, 838684, 738684, 638684, 538684, 438684, 338684, 238684, 138684, 38684]"
358,600m,64,256,1,10,5.862239599227905,"[985700, 885700, 785700, 685700, 585700, 485700, 385700, 285700, 185700, 85700]"
359,600m,64,256,1,10,5.899841785430908,"[941983, 841983, 741983, 641983, 541983, 441983, 341983, 241983, 141983, 41983]"
360,600m,64,256,1,10,5.71374249458313,"[963517, 863517, 763517, 663517, 563517, 463517, 363517, 263517, 163517, 63517]"
361,600m,64,256,1,10,5.314523696899414,"[916724, 816724, 716724, 616724, 516724, 416724, 316724, 216724, 116724, 16724]"
362,600m,64,256,1,10,5.77086615562439,"[969883, 869883, 769883, 669883, 569883, 469883, 369883, 269883, 169883, 69883]"
363,600m,64,256,1,10,5.79305624961853,"[962444, 862444, 762444, 662444, 562444, 462444, 362444, 262444, 162444, 62444]"
364,600m,64,256,1,10,5.844666004180908,"[905935, 805935, 705935, 605935, 505935, 405935, 305935, 205935, 105935, 5935]"
365,600m,64,256,1,10,5.7144293785095215,"[931061, 831061, 731061, 631061, 531061, 431061, 331061, 231061, 131061, 31061]"
366,600m,64,256,1,10,5.48042106628418,"[981794, 881794, 781794, 681794, 581794, 481794, 381794, 281794, 181794, 81794]"
367,600m,64,256,1,10,5.761812210083008,"[939247, 839247, 739247, 639247, 539247, 439247, 339247, 239247, 139247, 39247]"
368,600m,64,256,1,10,6.0005714893341064,"[987844, 887844, 787844, 687844, 587844, 487844, 387844, 287844, 187844, 87844]"
369,600m,64,256,1,10,5.763087511062622,"[998042, 898042, 798042, 698042, 598042, 498042, 398042, 298042, 198042, 98042]"
370,600m,64,256,1,10,5.700311660766602,"[949188, 849188, 749188, 649188, 549188, 449188, 349188, 249188, 149188, 49188]"
371,600m,64,256,1,10,5.989444255828857,"[960893, 860893, 760893, 660893, 560893, 460893, 360893, 260893, 160893, 60893]"
372,600m,64,256,1,10,5.643369913101196,"[939677, 839677, 739677, 639677, 539677, 439677, 339677, 239677, 139677, 39677]"
373,600m,64,256,1,10,5.4930689334869385,"[929400, 829400, 729400, 629400, 529400, 429400, 329400, 229400, 129400, 29400]"
374,600m,64,256,1,10,6.067035436630249,"[934060, 834060, 734060, 634060, 534060, 434060, 334060, 234060, 134060, 34060]"
375,600m,64,256,1,10,5.8860838413238525,"[958219, 858219, 758219, 658219, 558219, 458219, 358219, 258219, 158219, 58219]"
376,600m,64,256,1,10,5.925287961959839,"[941983, 841983, 741983, 641983, 541983, 441983, 341983, 241983, 141983, 41983]"
377,600m,64,256,1,10,5.845851421356201,"[932972, 832972, 732972, 632972, 532972, 432972, 332972, 232972, 132972, 32972]"
378,600m,64,256,1,10,5.874288320541382,"[998279, 898279, 798279, 698279, 598279, 498279, 398279, 298279, 198279, 98279]"
379,600m,64,256,1,10,5.612626314163208,"[937824, 837824, 737824, 637824, 537824, 437824, 337824, 237824, 137824, 37824]"
380,600m,64,256,1,10,5.7016260623931885,"[993954, 893954, 793954, 693954, 593954, 493954, 393954, 293954, 193954, 93954]"
381,600m,64,256,1,10,5.789551734924316,"[948493, 848493, 748493, 648493, 548493, 448493, 348493, 248493, 148493, 48493]"
382,600m,64,256,1,10,5.548960447311401,"[939247, 839247, 739247, 639247, 539247, 439247, 339247, 239247, 139247, 39247]"
383,600m,64,256,1,10,5.526185750961304,"[939247, 839247, 739247, 639247, 539247, 439247, 339247, 239247, 139247, 39247]"
384,600m,64,256,1,10,5.697910308837891,"[919866, 819866, 719866, 619866, 519866, 419866, 319866, 219866, 119866, 19866]"
385,600m,64,256,1,10,5.7935590744018555,"[956065, 856065, 756065, 656065, 556065, 456065, 356065, 256065, 156065, 56065]"
386,600m,64,256,1,10,5.886578559875488,"[949489, 849489, 749489, 649489, 549489, 449489, 349489, 249489, 149489, 49489]"
387,600m,64,256,1,10,5.511760234832764,"[969038, 869038, 769038, 669038, 569038, 469038, 369038, 269038, 169038, 69038]"
388,600m,64,256,1,10,5.81320333480835,"[998042, 898042, 798042, 698042, 598042, 498042, 398042, 298042, 198042, 98042]"
389,600m,64,256,1,10,5.873483657836914,"[943491, 843491, 743491, 643491, 543491, 443491, 343491, 243491, 143491, 43491]"
390,600m,64,256,1,10,5.770545721054077,"[907587, 807587, 707587, 607587, 507587, 407587, 307587, 207587, 107587, 7587]"
391,600m,64,256,1,10,5.8421783447265625,"[917403, 817403, 717403, 617403, 517403, 417403, 317403, 217403, 117403, 17403]"
392,600m,64,256,1,10,5.911982774734497,"[912028, 812028, 712028, 612028, 512028, 412028, 312028, 212028, 112028, 12028]"
393,600m,64,256,1,10,5.707289218902588,"[924894, 824894, 724894, 624894, 524894, 424894, 324894, 224894, 124894, 24894]"
394,600m,64,256,1,10,5.702820777893066,"[916724, 816724, 716724, 616724, 516724, 416724, 316724, 216724, 116724, 16724]"
395,600m,64,256,1,10,5.842735528945923,"[955904, 855904, 755904, 655904, 555904, 455904, 355904, 255904, 155904, 55904]"
396,600m,64,256,1,10,5.7871763706207275,"[948493, 848493, 748493, 648493, 548493, 448493, 348493, 248493, 148493, 48493]"
397,600m,64,256,1,10,5.891995191574097,"[993019, 893019, 793019, 693019, 593019, 493019, 393019, 293019, 193019, 93019]"
398,600m,64,256,1,10,5.761209726333618,"[953427, 853427, 753427, 653427, 553427, 453427, 353427, 253427, 153427, 53427]"
399,600m,64,256,1,10,5.521487236022949,"[927857, 827857, 727857, 627857, 527857, 427857, 327857, 227857, 127857, 27857]"
400,600m,64,256,1,10,5.724405765533447,"[963517, 863517, 763517, 663517, 563517, 463517, 363517, 263517, 163517, 63517]"
401,600m,64,256,1,10,5.784383058547974,"[963517, 863517, 763517, 663517, 563517, 463517, 363517, 263517, 163517, 63517]"
402,600m,64,256,1,10,5.936535835266113,"[958219, 858219, 758219, 658219, 558219, 458219, 358219, 258219, 158219, 58219]"
403,600m,64,256,1,10,5.451965570449829,"[984117, 884117, 784117, 684117, 584117, 484117, 384117, 284117, 184117, 84117]"
404,600m,64,256,1,10,5.757071018218994,"[962714, 862714, 762714, 662714, 562714, 462714, 362714, 262714, 162714, 62714]"
405,600m,64,256,1,10,6.064785718917847,"[988582, 888582, 788582, 688582, 588582, 488582, 388582, 288582, 188582, 88582]"
406,600m,64,256,1,10,5.761302947998047,"[925476, 825476, 725476, 625476, 525476, 425476, 325476, 225476, 125476, 25476]"
407,600m,64,256,1,10,5.908405303955078,"[926632, 826632, 726632, 626632, 526632, 426632, 326632, 226632, 126632, 26632]"
408,600m,64,256,1,10,5.859586000442505,"[963517, 863517, 763517, 663517, 563517, 463517, 363517, 263517, 163517, 63517]"
409,600m,64,256,1,10,6.0960447788238525,"[901908, 801908, 701908, 601908, 501908, 401908, 301908, 201908, 101908, 1908]"
410,600m,64,256,1,10,5.80515456199646,"[995114, 895114, 795114, 695114, 595114, 495114, 395114, 295114, 195114, 95114]"
411,600m,64,256,1,10,6.041687965393066,"[963517, 863517, 763517, 663517, 563517, 463517, 363517, 263517, 163517, 63517]"
412,600m,64,256,1,10,5.861260175704956,"[924484, 824484, 724484, 624484, 524484, 424484, 324484, 224484, 124484, 24484]"
413,600m,64,256,1,10,5.5725648403167725,"[905298, 805298, 705298, 605298, 505298, 405298, 305298, 205298, 105298, 5298]"
414,600m,64,256,1,10,5.945528507232666,"[963517, 863517, 763517, 663517, 563517, 463517, 363517, 263517, 163517, 63517]"
415,600m,64,256,1,10,6.153085947036743,"[995114, 895114, 795114, 695114, 595114, 495114, 395114, 295114, 195114, 95114]"
416,600m,64,256,1,10,5.859211206436157,"[958219, 858219, 758219, 658219, 558219, 458219, 358219, 258219, 158219, 58219]"
417,600m,64,256,1,10,6.1086585521698,"[984708, 884708, 784708, 684708, 584708, 484708, 384708, 284708, 184708, 84708]"
418,600m,64,256,1,10,6.040636301040649,"[984408, 884408, 784408, 684408, 584408, 484408, 384408, 284408, 184408, 84408]"
419,600m,64,256,1,10,5.685804843902588,"[958219, 858219, 758219, 658219, 558219, 458219, 358219, 258219, 158219, 58219]"
420,600m,64,256,1,10,5.930207967758179,"[987782, 887782, 787782, 687782, 587782, 487782, 387782, 287782, 187782, 87782]"
421,600m,64,256,1,10,6.0571067333221436,"[941983, 841983, 741983, 641983, 541983, 441983, 341983, 241983, 141983, 41983]"
422,600m,64,256,1,10,5.655725479125977,"[939247, 839247, 739247, 639247, 539247, 439247, 339247, 239247, 139247, 39247]"
423,600m,64,256,1,10,6.010283708572388,"[963517, 863517, 763517, 663517, 563517, 463517, 363517, 263517, 163517, 63517]"
424,600m,64,256,1,10,5.854702949523926,"[981794, 881794, 781794, 681794, 581794, 481794, 381794, 281794, 181794, 81794]"
425,600m,64,256,1,10,5.6776123046875,"[963517, 863517, 763517, 663517, 563517, 463517, 363517, 263517, 163517, 63517]"
426,600m,64,256,1,10,5.642472982406616,"[916724, 816724, 716724, 616724, 516724, 416724, 316724, 216724, 116724, 16724]"
427,600m,64,256,1,10,5.837494373321533,"[902250, 802250, 702250, 602250, 502250, 402250, 302250, 202250, 102250, 2250]"
428,600m,64,256,1,10,6.023396730422974,"[914528, 814528, 714528, 614528, 514528, 414528, 314528, 214528, 114528, 14528]"
429,600m,64,256,1,10,5.869602918624878,"[978092, 878092, 778092, 678092, 578092, 478092, 378092, 278092, 178092, 78092]"
430,600m,64,256,1,10,5.971460342407227,"[941983, 841983, 741983, 641983, 541983, 441983, 341983, 241983, 141983, 41983]"
431,600m,64,256,1,10,5.619704246520996,"[963517, 863517, 763517, 663517, 563517, 463517, 363517, 263517, 163517, 63517]"
432,600m,64,256,1,10,5.847630739212036,"[984107, 884107, 784107, 684107, 584107, 484107, 384107, 284107, 184107, 84107]"
433,600m,64,256,1,10,5.631848096847534,"[916724, 816724, 716724, 616724, 516724, 416724, 316724, 216724, 116724, 16724]"
434,600m,64,256,1,10,5.623995780944824,"[978154, 878154, 778154, 678154, 578154, 478154, 378154, 278154, 178154, 78154]"
435,600m,64,256,1,10,5.8477888107299805,"[941805, 841805, 741805, 641805, 541805, 441805, 341805, 241805, 141805, 41805]"
436,600m,64,256,1,10,5.724493980407715,"[963517, 863517, 763517, 663517, 563517, 463517, 363517, 263517, 163517, 63517]"
437,600m,64,256,1,10,5.678186655044556,"[916724, 816724, 716724, 616724, 516724, 416724, 316724, 216724, 116724, 16724]"
438,600m,64,256,1,10,5.61635947227478,"[946895, 846895, 746895, 646895, 546895, 446895, 346895, 246895, 146895, 46895]"
439,600m,64,256,1,10,6.163958311080933,"[950980, 850980, 750980, 650980, 550980, 450980, 350980, 250980, 150980, 50980]"
440,600m,64,256,1,10,5.714970111846924,"[945153, 845153, 745153, 645153, 545153, 445153, 345153, 245153, 145153, 45153]"
441,600m,64,256,1,10,6.075636148452759,"[976785, 876785, 776785, 676785, 576785, 476785, 376785, 276785, 176785, 76785]"
442,600m,64,256,1,10,5.9565863609313965,"[921829, 821829, 721829, 621829, 521829, 421829, 321829, 221829, 121829, 21829]"
443,600m,64,256,1,10,6.145355463027954,"[963517, 863517, 763517, 663517, 563517, 463517, 363517, 263517, 163517, 63517]"
444,600m,64,256,1,10,5.771922826766968,"[916724, 816724, 716724, 616724, 516724, 416724, 316724, 216724, 116724, 16724]"
445,600m,64,256,1,10,5.712373733520508,"[963517, 863517, 763517, 663517, 563517, 463517, 363517, 263517, 163517, 63517]"
446,600m,64,256,1,10,5.782945156097412,"[989286, 889286, 789286, 689286, 589286, 489286, 389286, 289286, 189286, 89286]"
447,600m,64,256,1,10,5.61110782623291,"[997468, 897468, 797468, 697468, 597468, 497468, 397468, 297468, 197468, 97468]"
448,600m,64,256,1,10,6.105351448059082,"[923337, 823337, 723337, 623337, 523337, 423337, 323337, 223337, 123337, 23337]"
449,600m,64,256,1,10,5.94646692276001,"[934125, 834125, 734125, 634125, 534125, 434125, 334125, 234125, 134125, 34125]"
450,600m,64,256,1,10,5.948347330093384,"[920141, 820141, 720141, 620141, 520141, 420141, 320141, 220141, 120141, 20141]"
451,600m,64,256,1,10,5.99502158164978,"[983642, 883642, 783642, 683642, 583642, 483642, 383642, 283642, 183642, 83642]"
452,600m,64,256,1,10,5.817228555679321,"[907347, 807347, 707347, 607347, 507347, 407347, 307347, 207347, 107347, 7347]"
453,600m,64,256,1,10,5.607355356216431,"[992502, 892502, 792502, 692502, 592502, 492502, 392502, 292502, 192502, 92502]"
454,600m,64,256,1,10,5.873991012573242,"[932539, 832539, 732539, 632539, 532539, 432539, 332539, 232539, 132539, 32539]"
455,600m,64,256,1,10,5.604798316955566,"[975782, 875782, 775782, 675782, 575782, 475782, 375782, 275782, 175782, 75782]"
456,600m,64,256,1,10,5.868022203445435,"[948493, 848493, 748493, 648493, 548493, 448493, 348493, 248493, 148493, 48493]"
457,600m,64,256,1,10,5.828915357589722,"[932539, 832539, 732539, 632539, 532539, 432539, 332539, 232539, 132539, 32539]"
458,600m,64,256,1,10,5.752422332763672,"[950980, 850980, 750980, 650980, 550980, 450980, 350980, 250980, 150980, 50980]"
459,600m,64,256,1,10,5.808010101318359,"[900624, 800624, 700624, 600624, 500624, 400624, 300624, 200624, 100624, 624]"
460,600m,64,256,1,10,6.03743314743042,"[968365, 868365, 768365, 668365, 568365, 468365, 368365, 268365, 168365, 68365]"
461,600m,64,256,1,10,5.831076145172119,"[912338, 812338, 712338, 612338, 512338, 412338, 312338, 212338, 112338, 12338]"
462,600m,64,256,1,10,5.639795780181885,"[916548, 816548, 716548, 616548, 516548, 416548, 316548, 216548, 116548, 16548]"
463,600m,64,256,1,10,5.829045295715332,"[931061, 831061, 731061, 631061, 531061, 431061, 331061, 231061, 131061, 31061]"
464,600m,64,256,1,10,5.8279218673706055,"[925126, 825126, 725126, 625126, 525126, 425126, 325126, 225126, 125126, 25126]"
465,600m,64,256,1,10,5.8286073207855225,"[963517, 863517, 763517, 663517, 563517, 463517, 363517, 263517, 163517, 63517]"
466,600m,64,256,1,10,5.8067052364349365,"[958488, 858488, 758488, 658488, 558488, 458488, 358488, 258488, 158488, 58488]"
467,600m,64,256,1,10,5.655149698257446,"[936986, 836986, 736986, 636986, 536986, 436986, 336986, 236986, 136986, 36986]"
468,600m,64,256,1,10,5.6598289012908936,"[952745, 852745, 752745, 652745, 552745, 452745, 352745, 252745, 152745, 52745]"
469,600m,64,256,1,10,5.856830596923828,"[985700, 885700, 785700, 685700, 585700, 485700, 385700, 285700, 185700, 85700]"
470,600m,64,256,1,10,5.733496189117432,"[992140, 892140, 792140, 692140, 592140, 492140, 392140, 292140, 192140, 92140]"
471,600m,64,256,1,10,5.825357675552368,"[976016, 876016, 776016, 676016, 576016, 476016, 376016, 276016, 176016, 76016]"
472,600m,64,256,1,10,5.598811626434326,"[951636, 851636, 751636, 651636, 551636, 451636, 351636, 251636, 151636, 51636]"
473,600m,64,256,1,10,5.899598598480225,"[964364, 864364, 764364, 664364, 564364, 464364, 364364, 264364, 164364, 64364]"
474,600m,64,256,1,10,5.686273097991943,"[993019, 893019, 793019, 693019, 593019, 493019, 393019, 293019, 193019, 93019]"
475,600m,64,256,1,10,5.963225603103638,"[919874, 819874, 719874, 619874, 519874, 419874, 319874, 219874, 119874, 19874]"
476,600m,64,256,1,10,5.874008655548096,"[919296, 819296, 719296, 619296, 519296, 419296, 319296, 219296, 119296, 19296]"
477,600m,64,256,1,10,5.90102219581604,"[941983, 841983, 741983, 641983, 541983, 441983, 341983, 241983, 141983, 41983]"
478,600m,64,256,1,10,5.7361695766448975,"[912150, 812150, 712150, 612150, 512150, 412150, 312150, 212150, 112150, 12150]"
479,600m,64,256,1,10,5.390092849731445,"[976016, 876016, 776016, 676016, 576016, 476016, 376016, 276016, 176016, 76016]"
480,600m,64,256,1,10,5.867595911026001,"[950980, 850980, 750980, 650980, 550980, 450980, 350980, 250980, 150980, 50980]"
481,600m,64,256,1,10,5.944880247116089,"[966635, 866635, 766635, 666635, 566635, 466635, 366635, 266635, 166635, 66635]"
482,600m,64,256,1,10,5.572715520858765,"[946438, 846438, 746438, 646438, 546438, 446438, 346438, 246438, 146438, 46438]"
483,600m,64,256,1,10,5.465134620666504,"[928493, 828493, 728493, 628493, 528493, 428493, 328493, 228493, 128493, 28493]"
484,600m,64,256,1,10,5.8874945640563965,"[969997, 869997, 769997, 669997, 569997, 469997, 369997, 269997, 169997, 69997]"
485,600m,64,256,1,10,5.519245624542236,"[938371, 838371, 738371, 638371, 538371, 438371, 338371, 238371, 138371, 38371]"
486,600m,64,256,1,10,6.0499961376190186,"[945515, 845515, 745515, 645515, 545515, 445515, 345515, 245515, 145515, 45515]"
487,600m,64,256,1,10,5.885055780410767,"[963517, 863517, 763517, 663517, 563517, 463517, 363517, 263517, 163517, 63517]"
488,600m,64,256,1,10,5.9043073654174805,"[963517, 863517, 763517, 663517, 563517, 463517, 363517, 263517, 163517, 63517]"
489,600m,64,256,1,10,6.035997152328491,"[985312, 885312, 785312, 685312, 585312, 485312, 385312, 285312, 185312, 85312]"
490,600m,64,256,1,10,5.9806482791900635,"[925476, 825476, 725476, 625476, 525476, 425476, 325476, 225476, 125476, 25476]"
491,600m,64,256,1,10,6.0294740200042725,"[958219, 858219, 758219, 658219, 558219, 458219, 358219, 258219, 158219, 58219]"
492,600m,64,256,1,10,5.420309543609619,"[957588, 857588, 757588, 657588, 557588, 457588, 357588, 257588, 157588, 57588]"
493,600m,64,256,1,10,5.983952760696411,"[933547, 833547, 733547, 633547, 533547, 433547, 333547, 233547, 133547, 33547]"
494,600m,64,256,1,10,5.8846352100372314,"[937824, 837824, 737824, 637824, 537824, 437824, 337824, 237824, 137824, 37824]"
495,600m,64,256,1,10,5.521256446838379,"[995114, 895114, 795114, 695114, 595114, 495114, 395114, 295114, 195114, 95114]"
496,600m,64,256,1,10,5.87097954750061,"[995115, 895115, 795115, 695115, 595115, 495115, 395115, 295115, 195115, 95115]"
497,600m,64,256,1,10,5.917779445648193,"[978803, 878803, 778803, 678803, 578803, 478803, 378803, 278803, 178803, 78803]"
498,600m,64,256,1,10,5.676917552947998,"[936986, 836986, 736986, 636986, 536986, 436986, 336986, 236986, 136986, 36986]"
499,600m,64,256,1,10,5.842909812927246,"[950980, 850980, 750980, 650980, 550980, 450980, 350980, 250980, 150980, 50980]"
