query,index_size,threads,nprobe,batch_size,num_retrieved_docs,avg_query_time,best_retrieved_ids
0,300m,72,256,1,5,1.3787259128093718,"[419997, 319997, 219997, 119997, 19997]"
1,300m,72,256,1,5,1.3787259128093718,"[433415, 333415, 233415, 133415, 33415]"
2,300m,72,256,1,5,1.3787259128093718,"[485959, 385959, 285959, 185959, 85959]"
3,300m,72,256,1,5,1.3787259128093718,"[489455, 389455, 289455, 189455, 89455]"
4,300m,72,256,1,5,1.3787259128093718,"[418214, 318214, 218214, 118214, 18214]"
5,300m,72,256,1,5,1.3787259128093718,"[484816, 384816, 284816, 184816, 84816]"
6,300m,72,256,1,5,1.3787259128093718,"[486852, 386852, 286852, 186852, 86852]"
7,300m,72,256,1,5,1.3787259128093718,"[439104, 339104, 239104, 139104, 39104]"
8,300m,72,256,1,5,1.3787259128093718,"[410716, 310716, 210716, 110716, 10716]"
9,300m,72,256,1,5,1.3787259128093718,"[425475, 325475, 225475, 125475, 25475]"
10,300m,72,256,1,5,1.3787259128093718,"[486852, 386852, 286852, 186852, 86852]"
11,300m,72,256,1,5,1.3787259128093718,"[495583, 395583, 295583, 195583, 95583]"
12,300m,72,256,1,5,1.3787259128093718,"[484816, 384816, 284816, 184816, 84816]"
13,300m,72,256,1,5,1.3787259128093718,"[432466, 332466, 232466, 132466, 32466]"
14,300m,72,256,1,5,1.3787259128093718,"[484816, 384816, 284816, 184816, 84816]"
15,300m,72,256,1,5,1.3787259128093718,"[473373, 373373, 273373, 173373, 73373]"
16,300m,72,256,1,5,1.3787259128093718,"[459554, 359554, 259554, 159554, 59554]"
17,300m,72,256,1,5,1.3787259128093718,"[430857, 330857, 230857, 130857, 30857]"
18,300m,72,256,1,5,1.3787259128093718,"[497002, 397002, 297002, 197002, 97002]"
19,300m,72,256,1,5,1.3787259128093718,"[484816, 384816, 284816, 184816, 84816]"
20,300m,72,256,1,5,1.3787259128093718,"[412275, 312275, 212275, 112275, 12275]"
21,300m,72,256,1,5,1.3787259128093718,"[483151, 383151, 283151, 183151, 83151]"
22,300m,72,256,1,5,1.3787259128093718,"[462285, 362285, 262285, 162285, 62285]"
23,300m,72,256,1,5,1.3787259128093718,"[406170, 306170, 206170, 106170, 6170]"
24,300m,72,256,1,5,1.3787259128093718,"[432932, 332932, 232932, 132932, 32932]"
25,300m,72,256,1,5,1.3787259128093718,"[462285, 362285, 262285, 162285, 62285]"
26,300m,72,256,1,5,1.3787259128093718,"[483705, 383705, 283705, 183705, 83705]"
27,300m,72,256,1,5,1.3787259128093718,"[437824, 337824, 237824, 137824, 37824]"
28,300m,72,256,1,5,1.3787259128093718,"[478110, 378110, 278110, 178110, 78110]"
29,300m,72,256,1,5,1.3787259128093718,"[472665, 372665, 272665, 172665, 72665]"
30,300m,72,256,1,5,1.3787259128093718,"[447697, 347697, 247697, 147697, 47697]"
31,300m,72,256,1,5,1.3787259128093718,"[447697, 347697, 247697, 147697, 47697]"
32,300m,72,256,1,5,1.3787259128093718,"[433368, 333368, 233368, 133368, 33368]"
33,300m,72,256,1,5,1.3787259128093718,"[480486, 380486, 280486, 180486, 80486]"
34,300m,72,256,1,5,1.3787259128093718,"[434701, 334701, 234701, 134701, 34701]"
35,300m,72,256,1,5,1.3787259128093718,"[427820, 327820, 227820, 127820, 27820]"
36,300m,72,256,1,5,1.3787259128093718,"[462335, 362335, 262335, 162335, 62335]"
37,300m,72,256,1,5,1.3787259128093718,"[402286, 302286, 202286, 102286, 2286]"
38,300m,72,256,1,5,1.3787259128093718,"[470079, 370079, 270079, 170079, 70079]"
39,300m,72,256,1,5,1.3787259128093718,"[490406, 390406, 290406, 190406, 90406]"
40,300m,72,256,1,5,1.3787259128093718,"[402286, 302286, 202286, 102286, 2286]"
41,300m,72,256,1,5,1.3787259128093718,"[435443, 335443, 235443, 135443, 35443]"
42,300m,72,256,1,5,1.3787259128093718,"[481757, 381757, 281757, 181757, 81757]"
43,300m,72,256,1,5,1.3787259128093718,"[460251, 360251, 260251, 160251, 60251]"
44,300m,72,256,1,5,1.3787259128093718,"[423318, 323318, 223318, 123318, 23318]"
45,300m,72,256,1,5,1.3787259128093718,"[405175, 305175, 205175, 105175, 5175]"
46,300m,72,256,1,5,1.3787259128093718,"[443487, 343487, 243487, 143487, 43487]"
47,300m,72,256,1,5,1.3787259128093718,"[455635, 355635, 255635, 155635, 55635]"
48,300m,72,256,1,5,1.3787259128093718,"[484816, 384816, 284816, 184816, 84816]"
49,300m,72,256,1,5,1.3787259128093718,"[476194, 376194, 276194, 176194, 76194]"
50,300m,72,256,1,5,1.3787259128093718,"[484816, 384816, 284816, 184816, 84816]"
51,300m,72,256,1,5,1.3787259128093718,"[488255, 388255, 288255, 188255, 88255]"
52,300m,72,256,1,5,1.3787259128093718,"[419388, 319388, 219388, 119388, 19388]"
53,300m,72,256,1,5,1.3787259128093718,"[489549, 389549, 289549, 189549, 89549]"
54,300m,72,256,1,5,1.3787259128093718,"[491621, 391621, 291621, 191621, 91621]"
55,300m,72,256,1,5,1.3787259128093718,"[430857, 330857, 230857, 130857, 30857]"
56,300m,72,256,1,5,1.3787259128093718,"[408437, 308437, 208437, 108437, 8437]"
57,300m,72,256,1,5,1.3787259128093718,"[499080, 399080, 299080, 199080, 99080]"
58,300m,72,256,1,5,1.3787259128093718,"[449059, 349059, 249059, 149059, 49059]"
59,300m,72,256,1,5,1.3787259128093718,"[483229, 383229, 283229, 183229, 83229]"
60,300m,72,256,1,5,1.3787259128093718,"[449361, 349361, 249361, 149361, 49361]"
61,300m,72,256,1,5,1.3787259128093718,"[406170, 306170, 206170, 106170, 6170]"
62,300m,72,256,1,5,1.3787259128093718,"[484816, 384816, 284816, 184816, 84816]"
63,300m,72,256,1,5,1.3787259128093718,"[433368, 333368, 233368, 133368, 33368]"
64,300m,72,256,1,5,1.3787259128093718,"[402557, 302557, 202557, 102557, 2557]"
65,300m,72,256,1,5,1.3787259128093718,"[444613, 344613, 244613, 144613, 44613]"
66,300m,72,256,1,5,1.3787259128093718,"[487000, 387000, 287000, 187000, 87000]"
67,300m,72,256,1,5,1.3787259128093718,"[467883, 367883, 267883, 167883, 67883]"
68,300m,72,256,1,5,1.3787259128093718,"[469915, 369915, 269915, 169915, 69915]"
69,300m,72,256,1,5,1.3787259128093718,"[413768, 313768, 213768, 113768, 13768]"
70,300m,72,256,1,5,1.3787259128093718,"[432932, 332932, 232932, 132932, 32932]"
71,300m,72,256,1,5,1.3787259128093718,"[484816, 384816, 284816, 184816, 84816]"
72,300m,72,256,1,5,1.3787259128093718,"[472665, 372665, 272665, 172665, 72665]"
73,300m,72,256,1,5,1.3787259128093718,"[486852, 386852, 286852, 186852, 86852]"
74,300m,72,256,1,5,1.3787259128093718,"[462285, 362285, 262285, 162285, 62285]"
75,300m,72,256,1,5,1.3787259128093718,"[469915, 369915, 269915, 169915, 69915]"
76,300m,72,256,1,5,1.3787259128093718,"[411672, 311672, 211672, 111672, 11672]"
77,300m,72,256,1,5,1.3787259128093718,"[484816, 384816, 284816, 184816, 84816]"
78,300m,72,256,1,5,1.3787259128093718,"[420506, 320506, 220506, 120506, 20506]"
79,300m,72,256,1,5,1.3787259128093718,"[480486, 380486, 280486, 180486, 80486]"
80,300m,72,256,1,5,1.3787259128093718,"[462285, 362285, 262285, 162285, 62285]"
81,300m,72,256,1,5,1.3787259128093718,"[429046, 329046, 229046, 129046, 29046]"
82,300m,72,256,1,5,1.3787259128093718,"[432466, 332466, 232466, 132466, 32466]"
83,300m,72,256,1,5,1.3787259128093718,"[491621, 391621, 291621, 191621, 91621]"
84,300m,72,256,1,5,1.3787259128093718,"[474939, 374939, 274939, 174939, 74939]"
85,300m,72,256,1,5,1.3787259128093718,"[436462, 336462, 236462, 136462, 36462]"
86,300m,72,256,1,5,1.3787259128093718,"[472601, 372601, 272601, 172601, 72601]"
87,300m,72,256,1,5,1.3787259128093718,"[462285, 362285, 262285, 162285, 62285]"
88,300m,72,256,1,5,1.3787259128093718,"[478723, 378723, 278723, 178723, 78723]"
89,300m,72,256,1,5,1.3787259128093718,"[411603, 311603, 211603, 111603, 11603]"
90,300m,72,256,1,5,1.3787259128093718,"[484816, 384816, 284816, 184816, 84816]"
91,300m,72,256,1,5,1.3787259128093718,"[447697, 347697, 247697, 147697, 47697]"
92,300m,72,256,1,5,1.3787259128093718,"[465284, 365284, 265284, 165284, 65284]"
93,300m,72,256,1,5,1.3787259128093718,"[416763, 316763, 216763, 116763, 16763]"
94,300m,72,256,1,5,1.3787259128093718,"[465910, 365910, 265910, 165910, 65910]"
95,300m,72,256,1,5,1.3787259128093718,"[484816, 384816, 284816, 184816, 84816]"
96,300m,72,256,1,5,1.3787259128093718,"[477354, 377354, 277354, 177354, 77354]"
97,300m,72,256,1,5,1.3787259128093718,"[439608, 339608, 239608, 139608, 39608]"
98,300m,72,256,1,5,1.3787259128093718,"[484816, 384816, 284816, 184816, 84816]"
99,300m,72,256,1,5,1.3787259128093718,"[486852, 386852, 286852, 186852, 86852]"
100,300m,72,256,1,5,1.3787259128093718,"[419957, 319957, 219957, 119957, 19957]"
101,300m,72,256,1,5,1.3787259128093718,"[472665, 372665, 272665, 172665, 72665]"
102,300m,72,256,1,5,1.3787259128093718,"[438230, 338230, 238230, 138230, 38230]"
103,300m,72,256,1,5,1.3787259128093718,"[482480, 382480, 282480, 182480, 82480]"
104,300m,72,256,1,5,1.3787259128093718,"[452376, 352376, 252376, 152376, 52376]"
105,300m,72,256,1,5,1.3787259128093718,"[467360, 367360, 267360, 167360, 67360]"
106,300m,72,256,1,5,1.3787259128093718,"[493152, 393152, 293152, 193152, 93152]"
107,300m,72,256,1,5,1.3787259128093718,"[408122, 308122, 208122, 108122, 8122]"
108,300m,72,256,1,5,1.3787259128093718,"[471157, 371157, 271157, 171157, 71157]"
109,300m,72,256,1,5,1.3787259128093718,"[412328, 312328, 212328, 112328, 12328]"
110,300m,72,256,1,5,1.3787259128093718,"[449408, 349408, 249408, 149408, 49408]"
111,300m,72,256,1,5,1.3787259128093718,"[459878, 359878, 259878, 159878, 59878]"
112,300m,72,256,1,5,1.3787259128093718,"[459660, 359660, 259660, 159660, 59660]"
113,300m,72,256,1,5,1.3787259128093718,"[432466, 332466, 232466, 132466, 32466]"
114,300m,72,256,1,5,1.3787259128093718,"[412275, 312275, 212275, 112275, 12275]"
115,300m,72,256,1,5,1.3787259128093718,"[484137, 384137, 284137, 184137, 84137]"
116,300m,72,256,1,5,1.3787259128093718,"[484816, 384816, 284816, 184816, 84816]"
117,300m,72,256,1,5,1.3787259128093718,"[447697, 347697, 247697, 147697, 47697]"
118,300m,72,256,1,5,1.3787259128093718,"[429431, 329431, 229431, 129431, 29431]"
119,300m,72,256,1,5,1.3787259128093718,"[402326, 302326, 202326, 102326, 2326]"
120,300m,72,256,1,5,1.3787259128093718,"[487150, 387150, 287150, 187150, 87150]"
121,300m,72,256,1,5,1.3787259128093718,"[430857, 330857, 230857, 130857, 30857]"
122,300m,72,256,1,5,1.3787259128093718,"[409768, 309768, 209768, 109768, 9768]"
123,300m,72,256,1,5,1.3787259128093718,"[438230, 338230, 238230, 138230, 38230]"
124,300m,72,256,1,5,1.3787259128093718,"[447697, 347697, 247697, 147697, 47697]"
125,300m,72,256,1,5,1.3787259128093718,"[493152, 393152, 293152, 193152, 93152]"
126,300m,72,256,1,5,1.3787259128093718,"[484816, 384816, 284816, 184816, 84816]"
127,300m,72,256,1,5,1.3787259128093718,"[478668, 378668, 278668, 178668, 78668]"
128,300m,72,256,1,5,1.3787259128093718,"[458938, 358938, 258938, 158938, 58938]"
129,300m,72,256,1,5,1.3787259128093718,"[404946, 304946, 204946, 104946, 4946]"
130,300m,72,256,1,5,1.3787259128093718,"[462285, 362285, 262285, 162285, 62285]"
131,300m,72,256,1,5,1.3787259128093718,"[406119, 306119, 206119, 106119, 6119]"
132,300m,72,256,1,5,1.3787259128093718,"[484816, 384816, 284816, 184816, 84816]"
133,300m,72,256,1,5,1.3787259128093718,"[458260, 358260, 258260, 158260, 58260]"
134,300m,72,256,1,5,1.3787259128093718,"[493724, 393724, 293724, 193724, 93724]"
135,300m,72,256,1,5,1.3787259128093718,"[454913, 354913, 254913, 154913, 54913]"
136,300m,72,256,1,5,1.3787259128093718,"[484816, 384816, 284816, 184816, 84816]"
137,300m,72,256,1,5,1.3787259128093718,"[480110, 380110, 280110, 180110, 80110]"
138,300m,72,256,1,5,1.3787259128093718,"[471157, 371157, 271157, 171157, 71157]"
139,300m,72,256,1,5,1.3787259128093718,"[414923, 314923, 214923, 114923, 14923]"
140,300m,72,256,1,5,1.3787259128093718,"[448847, 348847, 248847, 148847, 48847]"
141,300m,72,256,1,5,1.3787259128093718,"[445836, 345836, 245836, 145836, 45836]"
142,300m,72,256,1,5,1.3787259128093718,"[460788, 360788, 260788, 160788, 60788]"
143,300m,72,256,1,5,1.3787259128093718,"[484816, 384816, 284816, 184816, 84816]"
144,300m,72,256,1,5,1.3787259128093718,"[491621, 391621, 291621, 191621, 91621]"
145,300m,72,256,1,5,1.3787259128093718,"[438466, 338466, 238466, 138466, 38466]"
146,300m,72,256,1,5,1.3787259128093718,"[432466, 332466, 232466, 132466, 32466]"
147,300m,72,256,1,5,1.3787259128093718,"[484816, 384816, 284816, 184816, 84816]"
148,300m,72,256,1,5,1.3787259128093718,"[460418, 360418, 260418, 160418, 60418]"
149,300m,72,256,1,5,1.3787259128093718,"[472023, 372023, 272023, 172023, 72023]"
150,300m,72,256,1,5,1.3787259128093718,"[472665, 372665, 272665, 172665, 72665]"
151,300m,72,256,1,5,1.3787259128093718,"[469358, 369358, 269358, 169358, 69358]"
152,300m,72,256,1,5,1.3787259128093718,"[490406, 390406, 290406, 190406, 90406]"
153,300m,72,256,1,5,1.3787259128093718,"[472665, 372665, 272665, 172665, 72665]"
154,300m,72,256,1,5,1.3787259128093718,"[448605, 348605, 248605, 148605, 48605]"
155,300m,72,256,1,5,1.3787259128093718,"[466836, 366836, 266836, 166836, 66836]"
156,300m,72,256,1,5,1.3787259128093718,"[490777, 390777, 290777, 190777, 90777]"
157,300m,72,256,1,5,1.3787259128093718,"[484816, 384816, 284816, 184816, 84816]"
158,300m,72,256,1,5,1.3787259128093718,"[484816, 384816, 284816, 184816, 84816]"
159,300m,72,256,1,5,1.3787259128093718,"[484816, 384816, 284816, 184816, 84816]"
160,300m,72,256,1,5,1.3787259128093718,"[447697, 347697, 247697, 147697, 47697]"
161,300m,72,256,1,5,1.3787259128093718,"[446653, 346653, 246653, 146653, 46653]"
162,300m,72,256,1,5,1.3787259128093718,"[404502, 304502, 204502, 104502, 4502]"
163,300m,72,256,1,5,1.3787259128093718,"[447697, 347697, 247697, 147697, 47697]"
164,300m,72,256,1,5,1.3787259128093718,"[484816, 384816, 284816, 184816, 84816]"
165,300m,72,256,1,5,1.3787259128093718,"[404946, 304946, 204946, 104946, 4946]"
166,300m,72,256,1,5,1.3787259128093718,"[401360, 301360, 201360, 101360, 1360]"
167,300m,72,256,1,5,1.3787259128093718,"[421044, 321044, 221044, 121044, 21044]"
168,300m,72,256,1,5,1.3787259128093718,"[484137, 384137, 284137, 184137, 84137]"
169,300m,72,256,1,5,1.3787259128093718,"[472665, 372665, 272665, 172665, 72665]"
170,300m,72,256,1,5,1.3787259128093718,"[435443, 335443, 235443, 135443, 35443]"
171,300m,72,256,1,5,1.3787259128093718,"[493724, 393724, 293724, 193724, 93724]"
172,300m,72,256,1,5,1.3787259128093718,"[484816, 384816, 284816, 184816, 84816]"
173,300m,72,256,1,5,1.3787259128093718,"[467883, 367883, 267883, 167883, 67883]"
174,300m,72,256,1,5,1.3787259128093718,"[402286, 302286, 202286, 102286, 2286]"
175,300m,72,256,1,5,1.3787259128093718,"[432466, 332466, 232466, 132466, 32466]"
176,300m,72,256,1,5,1.3787259128093718,"[484816, 384816, 284816, 184816, 84816]"
177,300m,72,256,1,5,1.3787259128093718,"[416815, 316815, 216815, 116815, 16815]"
178,300m,72,256,1,5,1.3787259128093718,"[408458, 308458, 208458, 108458, 8458]"
179,300m,72,256,1,5,1.3787259128093718,"[499080, 399080, 299080, 199080, 99080]"
180,300m,72,256,1,5,1.3787259128093718,"[462285, 362285, 262285, 162285, 62285]"
181,300m,72,256,1,5,1.3787259128093718,"[491621, 391621, 291621, 191621, 91621]"
182,300m,72,256,1,5,1.3787259128093718,"[427820, 327820, 227820, 127820, 27820]"
183,300m,72,256,1,5,1.3787259128093718,"[458473, 358473, 258473, 158473, 58473]"
184,300m,72,256,1,5,1.3787259128093718,"[484816, 384816, 284816, 184816, 84816]"
185,300m,72,256,1,5,1.3787259128093718,"[405439, 305439, 205439, 105439, 5439]"
186,300m,72,256,1,5,1.3787259128093718,"[483151, 383151, 283151, 183151, 83151]"
187,300m,72,256,1,5,1.3787259128093718,"[421106, 321106, 221106, 121106, 21106]"
188,300m,72,256,1,5,1.3787259128093718,"[436462, 336462, 236462, 136462, 36462]"
189,300m,72,256,1,5,1.3787259128093718,"[472665, 372665, 272665, 172665, 72665]"
190,300m,72,256,1,5,1.3787259128093718,"[483581, 383581, 283581, 183581, 83581]"
191,300m,72,256,1,5,1.3787259128093718,"[430857, 330857, 230857, 130857, 30857]"
192,300m,72,256,1,5,1.3787259128093718,"[454987, 354987, 254987, 154987, 54987]"
193,300m,72,256,1,5,1.3787259128093718,"[433368, 333368, 233368, 133368, 33368]"
194,300m,72,256,1,5,1.3787259128093718,"[427340, 327340, 227340, 127340, 27340]"
195,300m,72,256,1,5,1.3787259128093718,"[484816, 384816, 284816, 184816, 84816]"
196,300m,72,256,1,5,1.3787259128093718,"[462285, 362285, 262285, 162285, 62285]"
197,300m,72,256,1,5,1.3787259128093718,"[447697, 347697, 247697, 147697, 47697]"
198,300m,72,256,1,5,1.3787259128093718,"[472665, 372665, 272665, 172665, 72665]"
199,300m,72,256,1,5,1.3787259128093718,"[484816, 384816, 284816, 184816, 84816]"
200,300m,72,256,1,5,1.3787259128093718,"[449361, 349361, 249361, 149361, 49361]"
201,300m,72,256,1,5,1.3787259128093718,"[432932, 332932, 232932, 132932, 32932]"
202,300m,72,256,1,5,1.3787259128093718,"[472665, 372665, 272665, 172665, 72665]"
203,300m,72,256,1,5,1.3787259128093718,"[446078, 346078, 246078, 146078, 46078]"
204,300m,72,256,1,5,1.3787259128093718,"[462871, 362871, 262871, 162871, 62871]"
205,300m,72,256,1,5,1.3787259128093718,"[413161, 313161, 213161, 113161, 13161]"
206,300m,72,256,1,5,1.3787259128093718,"[415212, 315212, 215212, 115212, 15212]"
207,300m,72,256,1,5,1.3787259128093718,"[432932, 332932, 232932, 132932, 32932]"
208,300m,72,256,1,5,1.3787259128093718,"[438318, 338318, 238318, 138318, 38318]"
209,300m,72,256,1,5,1.3787259128093718,"[493724, 393724, 293724, 193724, 93724]"
210,300m,72,256,1,5,1.3787259128093718,"[449361, 349361, 249361, 149361, 49361]"
211,300m,72,256,1,5,1.3787259128093718,"[484816, 384816, 284816, 184816, 84816]"
212,300m,72,256,1,5,1.3787259128093718,"[477719, 377719, 277719, 177719, 77719]"
213,300m,72,256,1,5,1.3787259128093718,"[438466, 338466, 238466, 138466, 38466]"
214,300m,72,256,1,5,1.3787259128093718,"[404502, 304502, 204502, 104502, 4502]"
215,300m,72,256,1,5,1.3787259128093718,"[472665, 372665, 272665, 172665, 72665]"
216,300m,72,256,1,5,1.3787259128093718,"[463843, 363843, 263843, 163843, 63843]"
217,300m,72,256,1,5,1.3787259128093718,"[463417, 363417, 263417, 163417, 63417]"
218,300m,72,256,1,5,1.3787259128093718,"[473781, 373781, 273781, 173781, 73781]"
219,300m,72,256,1,5,1.3787259128093718,"[418982, 318982, 218982, 118982, 18982]"
220,300m,72,256,1,5,1.3787259128093718,"[481493, 381493, 281493, 181493, 81493]"
221,300m,72,256,1,5,1.3787259128093718,"[408458, 308458, 208458, 108458, 8458]"
222,300m,72,256,1,5,1.3787259128093718,"[484816, 384816, 284816, 184816, 84816]"
223,300m,72,256,1,5,1.3787259128093718,"[479503, 379503, 279503, 179503, 79503]"
224,300m,72,256,1,5,1.3787259128093718,"[462285, 362285, 262285, 162285, 62285]"
225,300m,72,256,1,5,1.3787259128093718,"[484816, 384816, 284816, 184816, 84816]"
226,300m,72,256,1,5,1.3787259128093718,"[452530, 352530, 252530, 152530, 52530]"
227,300m,72,256,1,5,1.3787259128093718,"[443487, 343487, 243487, 143487, 43487]"
228,300m,72,256,1,5,1.3787259128093718,"[445764, 345764, 245764, 145764, 45764]"
229,300m,72,256,1,5,1.3787259128093718,"[445296, 345296, 245296, 145296, 45296]"
230,300m,72,256,1,5,1.3787259128093718,"[484816, 384816, 284816, 184816, 84816]"
231,300m,72,256,1,5,1.3787259128093718,"[484816, 384816, 284816, 184816, 84816]"
232,300m,72,256,1,5,1.3787259128093718,"[467883, 367883, 267883, 167883, 67883]"
233,300m,72,256,1,5,1.3787259128093718,"[484816, 384816, 284816, 184816, 84816]"
234,300m,72,256,1,5,1.3787259128093718,"[462285, 362285, 262285, 162285, 62285]"
235,300m,72,256,1,5,1.3787259128093718,"[408458, 308458, 208458, 108458, 8458]"
236,300m,72,256,1,5,1.3787259128093718,"[462285, 362285, 262285, 162285, 62285]"
237,300m,72,256,1,5,1.3787259128093718,"[496980, 396980, 296980, 196980, 96980]"
238,300m,72,256,1,5,1.3787259128093718,"[445899, 345899, 245899, 145899, 45899]"
239,300m,72,256,1,5,1.3787259128093718,"[417757, 317757, 217757, 117757, 17757]"
240,300m,72,256,1,5,1.3787259128093718,"[484816, 384816, 284816, 184816, 84816]"
241,300m,72,256,1,5,1.3787259128093718,"[408362, 308362, 208362, 108362, 8362]"
242,300m,72,256,1,5,1.3787259128093718,"[466836, 366836, 266836, 166836, 66836]"
243,300m,72,256,1,5,1.3787259128093718,"[442751, 342751, 242751, 142751, 42751]"
244,300m,72,256,1,5,1.3787259128093718,"[402286, 302286, 202286, 102286, 2286]"
245,300m,72,256,1,5,1.3787259128093718,"[471157, 371157, 271157, 171157, 71157]"
246,300m,72,256,1,5,1.3787259128093718,"[410493, 310493, 210493, 110493, 10493]"
247,300m,72,256,1,5,1.3787259128093718,"[462285, 362285, 262285, 162285, 62285]"
248,300m,72,256,1,5,1.3787259128093718,"[434592, 334592, 234592, 134592, 34592]"
249,300m,72,256,1,5,1.3787259128093718,"[406119, 306119, 206119, 106119, 6119]"
250,300m,72,256,1,5,1.3787259128093718,"[493776, 393776, 293776, 193776, 93776]"
251,300m,72,256,1,5,1.3787259128093718,"[446013, 346013, 246013, 146013, 46013]"
252,300m,72,256,1,5,1.3787259128093718,"[472665, 372665, 272665, 172665, 72665]"
253,300m,72,256,1,5,1.3787259128093718,"[478668, 378668, 278668, 178668, 78668]"
254,300m,72,256,1,5,1.3787259128093718,"[493724, 393724, 293724, 193724, 93724]"
255,300m,72,256,1,5,1.3787259128093718,"[449361, 349361, 249361, 149361, 49361]"
256,300m,72,256,1,5,1.3787259128093718,"[460202, 360202, 260202, 160202, 60202]"
257,300m,72,256,1,5,1.3787259128093718,"[408437, 308437, 208437, 108437, 8437]"
258,300m,72,256,1,5,1.3787259128093718,"[430857, 330857, 230857, 130857, 30857]"
259,300m,72,256,1,5,1.3787259128093718,"[486852, 386852, 286852, 186852, 86852]"
260,300m,72,256,1,5,1.3787259128093718,"[465087, 365087, 265087, 165087, 65087]"
261,300m,72,256,1,5,1.3787259128093718,"[441174, 341174, 241174, 141174, 41174]"
262,300m,72,256,1,5,1.3787259128093718,"[462285, 362285, 262285, 162285, 62285]"
263,300m,72,256,1,5,1.3787259128093718,"[484816, 384816, 284816, 184816, 84816]"
264,300m,72,256,1,5,1.3787259128093718,"[409391, 309391, 209391, 109391, 9391]"
265,300m,72,256,1,5,1.3787259128093718,"[490406, 390406, 290406, 190406, 90406]"
266,300m,72,256,1,5,1.3787259128093718,"[484816, 384816, 284816, 184816, 84816]"
267,300m,72,256,1,5,1.3787259128093718,"[435986, 335986, 235986, 135986, 35986]"
268,300m,72,256,1,5,1.3787259128093718,"[416815, 316815, 216815, 116815, 16815]"
269,300m,72,256,1,5,1.3787259128093718,"[485959, 385959, 285959, 185959, 85959]"
270,300m,72,256,1,5,1.3787259128093718,"[446653, 346653, 246653, 146653, 46653]"
271,300m,72,256,1,5,1.3787259128093718,"[470079, 370079, 270079, 170079, 70079]"
272,300m,72,256,1,5,1.3787259128093718,"[494546, 394546, 294546, 194546, 94546]"
273,300m,72,256,1,5,1.3787259128093718,"[408458, 308458, 208458, 108458, 8458]"
274,300m,72,256,1,5,1.3787259128093718,"[444871, 344871, 244871, 144871, 44871]"
275,300m,72,256,1,5,1.3787259128093718,"[405448, 305448, 205448, 105448, 5448]"
276,300m,72,256,1,5,1.3787259128093718,"[486852, 386852, 286852, 186852, 86852]"
277,300m,72,256,1,5,1.3787259128093718,"[432466, 332466, 232466, 132466, 32466]"
278,300m,72,256,1,5,1.3787259128093718,"[447630, 347630, 247630, 147630, 47630]"
279,300m,72,256,1,5,1.3787259128093718,"[486852, 386852, 286852, 186852, 86852]"
280,300m,72,256,1,5,1.3787259128093718,"[478110, 378110, 278110, 178110, 78110]"
281,300m,72,256,1,5,1.3787259128093718,"[493724, 393724, 293724, 193724, 93724]"
282,300m,72,256,1,5,1.3787259128093718,"[404946, 304946, 204946, 104946, 4946]"
283,300m,72,256,1,5,1.3787259128093718,"[470432, 370432, 270432, 170432, 70432]"
284,300m,72,256,1,5,1.3787259128093718,"[488389, 388389, 288389, 188389, 88389]"
285,300m,72,256,1,5,1.3787259128093718,"[484816, 384816, 284816, 184816, 84816]"
286,300m,72,256,1,5,1.3787259128093718,"[447697, 347697, 247697, 147697, 47697]"
287,300m,72,256,1,5,1.3787259128093718,"[496980, 396980, 296980, 196980, 96980]"
288,300m,72,256,1,5,1.3787259128093718,"[485420, 385420, 285420, 185420, 85420]"
289,300m,72,256,1,5,1.3787259128093718,"[449761, 349761, 249761, 149761, 49761]"
290,300m,72,256,1,5,1.3787259128093718,"[433030, 333030, 233030, 133030, 33030]"
291,300m,72,256,1,5,1.3787259128093718,"[439308, 339308, 239308, 139308, 39308]"
292,300m,72,256,1,5,1.3787259128093718,"[484816, 384816, 284816, 184816, 84816]"
293,300m,72,256,1,5,1.3787259128093718,"[410296, 310296, 210296, 110296, 10296]"
294,300m,72,256,1,5,1.3787259128093718,"[484816, 384816, 284816, 184816, 84816]"
295,300m,72,256,1,5,1.3787259128093718,"[461969, 361969, 261969, 161969, 61969]"
296,300m,72,256,1,5,1.3787259128093718,"[436051, 336051, 236051, 136051, 36051]"
297,300m,72,256,1,5,1.3787259128093718,"[412275, 312275, 212275, 112275, 12275]"
298,300m,72,256,1,5,1.3787259128093718,"[490777, 390777, 290777, 190777, 90777]"
299,300m,72,256,1,5,1.3787259128093718,"[489021, 389021, 289021, 189021, 89021]"
300,300m,72,256,1,5,1.3787259128093718,"[484816, 384816, 284816, 184816, 84816]"
301,300m,72,256,1,5,1.3787259128093718,"[472665, 372665, 272665, 172665, 72665]"
302,300m,72,256,1,5,1.3787259128093718,"[483151, 383151, 283151, 183151, 83151]"
303,300m,72,256,1,5,1.3787259128093718,"[485750, 385750, 285750, 185750, 85750]"
304,300m,72,256,1,5,1.3787259128093718,"[471555, 371555, 271555, 171555, 71555]"
305,300m,72,256,1,5,1.3787259128093718,"[401067, 301067, 201067, 101067, 1067]"
306,300m,72,256,1,5,1.3787259128093718,"[428448, 328448, 228448, 128448, 28448]"
307,300m,72,256,1,5,1.3787259128093718,"[441774, 341774, 241774, 141774, 41774]"
308,300m,72,256,1,5,1.3787259128093718,"[493724, 393724, 293724, 193724, 93724]"
309,300m,72,256,1,5,1.3787259128093718,"[470336, 370336, 270336, 170336, 70336]"
310,300m,72,256,1,5,1.3787259128093718,"[484816, 384816, 284816, 184816, 84816]"
311,300m,72,256,1,5,1.3787259128093718,"[433838, 333838, 233838, 133838, 33838]"
312,300m,72,256,1,5,1.3787259128093718,"[442751, 342751, 242751, 142751, 42751]"
313,300m,72,256,1,5,1.3787259128093718,"[484816, 384816, 284816, 184816, 84816]"
314,300m,72,256,1,5,1.3787259128093718,"[448605, 348605, 248605, 148605, 48605]"
315,300m,72,256,1,5,1.3787259128093718,"[494203, 394203, 294203, 194203, 94203]"
316,300m,72,256,1,5,1.3787259128093718,"[430857, 330857, 230857, 130857, 30857]"
317,300m,72,256,1,5,1.3787259128093718,"[499080, 399080, 299080, 199080, 99080]"
318,300m,72,256,1,5,1.3787259128093718,"[431361, 331361, 231361, 131361, 31361]"
319,300m,72,256,1,5,1.3787259128093718,"[434089, 334089, 234089, 134089, 34089]"
320,300m,72,256,1,5,1.3787259128093718,"[484816, 384816, 284816, 184816, 84816]"
321,300m,72,256,1,5,1.3787259128093718,"[462285, 362285, 262285, 162285, 62285]"
322,300m,72,256,1,5,1.3787259128093718,"[484816, 384816, 284816, 184816, 84816]"
323,300m,72,256,1,5,1.3787259128093718,"[468671, 368671, 268671, 168671, 68671]"
324,300m,72,256,1,5,1.3787259128093718,"[458938, 358938, 258938, 158938, 58938]"
325,300m,72,256,1,5,1.3787259128093718,"[473373, 373373, 273373, 173373, 73373]"
326,300m,72,256,1,5,1.3787259128093718,"[461969, 361969, 261969, 161969, 61969]"
327,300m,72,256,1,5,1.3787259128093718,"[484816, 384816, 284816, 184816, 84816]"
328,300m,72,256,1,5,1.3787259128093718,"[418349, 318349, 218349, 118349, 18349]"
329,300m,72,256,1,5,1.3787259128093718,"[423584, 323584, 223584, 123584, 23584]"
330,300m,72,256,1,5,1.3787259128093718,"[428762, 328762, 228762, 128762, 28762]"
331,300m,72,256,1,5,1.3787259128093718,"[447070, 347070, 247070, 147070, 47070]"
332,300m,72,256,1,5,1.3787259128093718,"[461668, 361668, 261668, 161668, 61668]"
333,300m,72,256,1,5,1.3787259128093718,"[437865, 337865, 237865, 137865, 37865]"
334,300m,72,256,1,5,1.3787259128093718,"[471157, 371157, 271157, 171157, 71157]"
335,300m,72,256,1,5,1.3787259128093718,"[477719, 377719, 277719, 177719, 77719]"
336,300m,72,256,1,5,1.3787259128093718,"[419292, 319292, 219292, 119292, 19292]"
337,300m,72,256,1,5,1.3787259128093718,"[496980, 396980, 296980, 196980, 96980]"
338,300m,72,256,1,5,1.3787259128093718,"[434089, 334089, 234089, 134089, 34089]"
339,300m,72,256,1,5,1.3787259128093718,"[491621, 391621, 291621, 191621, 91621]"
340,300m,72,256,1,5,1.3787259128093718,"[496980, 396980, 296980, 196980, 96980]"
341,300m,72,256,1,5,1.3787259128093718,"[430335, 330335, 230335, 130335, 30335]"
342,300m,72,256,1,5,1.3787259128093718,"[484816, 384816, 284816, 184816, 84816]"
343,300m,72,256,1,5,1.3787259128093718,"[477719, 377719, 277719, 177719, 77719]"
344,300m,72,256,1,5,1.3787259128093718,"[447697, 347697, 247697, 147697, 47697]"
345,300m,72,256,1,5,1.3787259128093718,"[403691, 303691, 203691, 103691, 3691]"
346,300m,72,256,1,5,1.3787259128093718,"[467986, 367986, 267986, 167986, 67986]"
347,300m,72,256,1,5,1.3787259128093718,"[467883, 367883, 267883, 167883, 67883]"
348,300m,72,256,1,5,1.3787259128093718,"[409381, 309381, 209381, 109381, 9381]"
349,300m,72,256,1,5,1.3787259128093718,"[472043, 372043, 272043, 172043, 72043]"
350,300m,72,256,1,5,1.3787259128093718,"[498934, 398934, 298934, 198934, 98934]"
351,300m,72,256,1,5,1.3787259128093718,"[489941, 389941, 289941, 189941, 89941]"
352,300m,72,256,1,5,1.3787259128093718,"[484816, 384816, 284816, 184816, 84816]"
353,300m,72,256,1,5,1.3787259128093718,"[462285, 362285, 262285, 162285, 62285]"
354,300m,72,256,1,5,1.3787259128093718,"[496980, 396980, 296980, 196980, 96980]"
355,300m,72,256,1,5,1.3787259128093718,"[486852, 386852, 286852, 186852, 86852]"
356,300m,72,256,1,5,1.3787259128093718,"[493724, 393724, 293724, 193724, 93724]"
357,300m,72,256,1,5,1.3787259128093718,"[446653, 346653, 246653, 146653, 46653]"
358,300m,72,256,1,5,1.3787259128093718,"[489805, 389805, 289805, 189805, 89805]"
359,300m,72,256,1,5,1.3787259128093718,"[435443, 335443, 235443, 135443, 35443]"
360,300m,72,256,1,5,1.3787259128093718,"[494203, 394203, 294203, 194203, 94203]"
361,300m,72,256,1,5,1.3787259128093718,"[462285, 362285, 262285, 162285, 62285]"
362,300m,72,256,1,5,1.3787259128093718,"[447697, 347697, 247697, 147697, 47697]"
363,300m,72,256,1,5,1.3787259128093718,"[415212, 315212, 215212, 115212, 15212]"
364,300m,72,256,1,5,1.3787259128093718,"[461668, 361668, 261668, 161668, 61668]"
365,300m,72,256,1,5,1.3787259128093718,"[454591, 354591, 254591, 154591, 54591]"
366,300m,72,256,1,5,1.3787259128093718,"[409686, 309686, 209686, 109686, 9686]"
367,300m,72,256,1,5,1.3787259128093718,"[471555, 371555, 271555, 171555, 71555]"
368,300m,72,256,1,5,1.3787259128093718,"[443487, 343487, 243487, 143487, 43487]"
369,300m,72,256,1,5,1.3787259128093718,"[494203, 394203, 294203, 194203, 94203]"
370,300m,72,256,1,5,1.3787259128093718,"[447697, 347697, 247697, 147697, 47697]"
371,300m,72,256,1,5,1.3787259128093718,"[484816, 384816, 284816, 184816, 84816]"
372,300m,72,256,1,5,1.3787259128093718,"[484816, 384816, 284816, 184816, 84816]"
373,300m,72,256,1,5,1.3787259128093718,"[484816, 384816, 284816, 184816, 84816]"
374,300m,72,256,1,5,1.3787259128093718,"[462760, 362760, 262760, 162760, 62760]"
375,300m,72,256,1,5,1.3787259128093718,"[447697, 347697, 247697, 147697, 47697]"
376,300m,72,256,1,5,1.3787259128093718,"[405937, 305937, 205937, 105937, 5937]"
377,300m,72,256,1,5,1.3787259128093718,"[432932, 332932, 232932, 132932, 32932]"
378,300m,72,256,1,5,1.3787259128093718,"[470079, 370079, 270079, 170079, 70079]"
379,300m,72,256,1,5,1.3787259128093718,"[432969, 332969, 232969, 132969, 32969]"
380,300m,72,256,1,5,1.3787259128093718,"[453984, 353984, 253984, 153984, 53984]"
381,300m,72,256,1,5,1.3787259128093718,"[490777, 390777, 290777, 190777, 90777]"
382,300m,72,256,1,5,1.3787259128093718,"[491621, 391621, 291621, 191621, 91621]"
383,300m,72,256,1,5,1.3787259128093718,"[475374, 375374, 275374, 175374, 75374]"
384,300m,72,256,1,5,1.3787259128093718,"[462285, 362285, 262285, 162285, 62285]"
385,300m,72,256,1,5,1.3787259128093718,"[484816, 384816, 284816, 184816, 84816]"
386,300m,72,256,1,5,1.3787259128093718,"[477168, 377168, 277168, 177168, 77168]"
387,300m,72,256,1,5,1.3787259128093718,"[430857, 330857, 230857, 130857, 30857]"
388,300m,72,256,1,5,1.3787259128093718,"[472665, 372665, 272665, 172665, 72665]"
389,300m,72,256,1,5,1.3787259128093718,"[424269, 324269, 224269, 124269, 24269]"
390,300m,72,256,1,5,1.3787259128093718,"[496980, 396980, 296980, 196980, 96980]"
391,300m,72,256,1,5,1.3787259128093718,"[485959, 385959, 285959, 185959, 85959]"
392,300m,72,256,1,5,1.3787259128093718,"[405448, 305448, 205448, 105448, 5448]"
393,300m,72,256,1,5,1.3787259128093718,"[447697, 347697, 247697, 147697, 47697]"
394,300m,72,256,1,5,1.3787259128093718,"[472665, 372665, 272665, 172665, 72665]"
395,300m,72,256,1,5,1.3787259128093718,"[432932, 332932, 232932, 132932, 32932]"
396,300m,72,256,1,5,1.3787259128093718,"[447697, 347697, 247697, 147697, 47697]"
397,300m,72,256,1,5,1.3787259128093718,"[411470, 311470, 211470, 111470, 11470]"
398,300m,72,256,1,5,1.3787259128093718,"[484816, 384816, 284816, 184816, 84816]"
399,300m,72,256,1,5,1.3787259128093718,"[436197, 336197, 236197, 136197, 36197]"
400,300m,72,256,1,5,1.3787259128093718,"[478110, 378110, 278110, 178110, 78110]"
401,300m,72,256,1,5,1.3787259128093718,"[430857, 330857, 230857, 130857, 30857]"
402,300m,72,256,1,5,1.3787259128093718,"[486852, 386852, 286852, 186852, 86852]"
403,300m,72,256,1,5,1.3787259128093718,"[471157, 371157, 271157, 171157, 71157]"
404,300m,72,256,1,5,1.3787259128093718,"[409391, 309391, 209391, 109391, 9391]"
405,300m,72,256,1,5,1.3787259128093718,"[497002, 397002, 297002, 197002, 97002]"
406,300m,72,256,1,5,1.3787259128093718,"[484816, 384816, 284816, 184816, 84816]"
407,300m,72,256,1,5,1.3787259128093718,"[410062, 310062, 210062, 110062, 10062]"
408,300m,72,256,1,5,1.3787259128093718,"[470079, 370079, 270079, 170079, 70079]"
409,300m,72,256,1,5,1.3787259128093718,"[445296, 345296, 245296, 145296, 45296]"
410,300m,72,256,1,5,1.3787259128093718,"[462285, 362285, 262285, 162285, 62285]"
411,300m,72,256,1,5,1.3787259128093718,"[436051, 336051, 236051, 136051, 36051]"
412,300m,72,256,1,5,1.3787259128093718,"[471555, 371555, 271555, 171555, 71555]"
413,300m,72,256,1,5,1.3787259128093718,"[472665, 372665, 272665, 172665, 72665]"
414,300m,72,256,1,5,1.3787259128093718,"[409381, 309381, 209381, 109381, 9381]"
415,300m,72,256,1,5,1.3787259128093718,"[419737, 319737, 219737, 119737, 19737]"
416,300m,72,256,1,5,1.3787259128093718,"[425185, 325185, 225185, 125185, 25185]"
417,300m,72,256,1,5,1.3787259128093718,"[477993, 377993, 277993, 177993, 77993]"
418,300m,72,256,1,5,1.3787259128093718,"[405642, 305642, 205642, 105642, 5642]"
419,300m,72,256,1,5,1.3787259128093718,"[448568, 348568, 248568, 148568, 48568]"
420,300m,72,256,1,5,1.3787259128093718,"[467883, 367883, 267883, 167883, 67883]"
421,300m,72,256,1,5,1.3787259128093718,"[408458, 308458, 208458, 108458, 8458]"
422,300m,72,256,1,5,1.3787259128093718,"[438230, 338230, 238230, 138230, 38230]"
423,300m,72,256,1,5,1.3787259128093718,"[435443, 335443, 235443, 135443, 35443]"
424,300m,72,256,1,5,1.3787259128093718,"[484816, 384816, 284816, 184816, 84816]"
425,300m,72,256,1,5,1.3787259128093718,"[434368, 334368, 234368, 134368, 34368]"
426,300m,72,256,1,5,1.3787259128093718,"[484816, 384816, 284816, 184816, 84816]"
427,300m,72,256,1,5,1.3787259128093718,"[479720, 379720, 279720, 179720, 79720]"
428,300m,72,256,1,5,1.3787259128093718,"[497921, 397921, 297921, 197921, 97921]"
429,300m,72,256,1,5,1.3787259128093718,"[444594, 344594, 244594, 144594, 44594]"
430,300m,72,256,1,5,1.3787259128093718,"[482625, 382625, 282625, 182625, 82625]"
431,300m,72,256,1,5,1.3787259128093718,"[483151, 383151, 283151, 183151, 83151]"
432,300m,72,256,1,5,1.3787259128093718,"[484137, 384137, 284137, 184137, 84137]"
433,300m,72,256,1,5,1.3787259128093718,"[400974, 300974, 200974, 100974, 974]"
434,300m,72,256,1,5,1.3787259128093718,"[479503, 379503, 279503, 179503, 79503]"
435,300m,72,256,1,5,1.3787259128093718,"[472665, 372665, 272665, 172665, 72665]"
436,300m,72,256,1,5,1.3787259128093718,"[447697, 347697, 247697, 147697, 47697]"
437,300m,72,256,1,5,1.3787259128093718,"[460852, 360852, 260852, 160852, 60852]"
438,300m,72,256,1,5,1.3787259128093718,"[447630, 347630, 247630, 147630, 47630]"
439,300m,72,256,1,5,1.3787259128093718,"[472665, 372665, 272665, 172665, 72665]"
440,300m,72,256,1,5,1.3787259128093718,"[487989, 387989, 287989, 187989, 87989]"
441,300m,72,256,1,5,1.3787259128093718,"[435443, 335443, 235443, 135443, 35443]"
442,300m,72,256,1,5,1.3787259128093718,"[484816, 384816, 284816, 184816, 84816]"
443,300m,72,256,1,5,1.3787259128093718,"[484816, 384816, 284816, 184816, 84816]"
444,300m,72,256,1,5,1.3787259128093718,"[432932, 332932, 232932, 132932, 32932]"
445,300m,72,256,1,5,1.3787259128093718,"[423915, 323915, 223915, 123915, 23915]"
446,300m,72,256,1,5,1.3787259128093718,"[484137, 384137, 284137, 184137, 84137]"
447,300m,72,256,1,5,1.3787259128093718,"[490169, 390169, 290169, 190169, 90169]"
448,300m,72,256,1,5,1.3787259128093718,"[439608, 339608, 239608, 139608, 39608]"
449,300m,72,256,1,5,1.3787259128093718,"[435615, 335615, 235615, 135615, 35615]"
450,300m,72,256,1,5,1.3787259128093718,"[406957, 306957, 206957, 106957, 6957]"
451,300m,72,256,1,5,1.3787259128093718,"[484816, 384816, 284816, 184816, 84816]"
452,300m,72,256,1,5,1.3787259128093718,"[408458, 308458, 208458, 108458, 8458]"
453,300m,72,256,1,5,1.3787259128093718,"[496980, 396980, 296980, 196980, 96980]"
454,300m,72,256,1,5,1.3787259128093718,"[409423, 309423, 209423, 109423, 9423]"
455,300m,72,256,1,5,1.3787259128093718,"[433368, 333368, 233368, 133368, 33368]"
456,300m,72,256,1,5,1.3787259128093718,"[448605, 348605, 248605, 148605, 48605]"
457,300m,72,256,1,5,1.3787259128093718,"[433368, 333368, 233368, 133368, 33368]"
458,300m,72,256,1,5,1.3787259128093718,"[409423, 309423, 209423, 109423, 9423]"
459,300m,72,256,1,5,1.3787259128093718,"[490777, 390777, 290777, 190777, 90777]"
460,300m,72,256,1,5,1.3787259128093718,"[477719, 377719, 277719, 177719, 77719]"
461,300m,72,256,1,5,1.3787259128093718,"[465788, 365788, 265788, 165788, 65788]"
462,300m,72,256,1,5,1.3787259128093718,"[471524, 371524, 271524, 171524, 71524]"
463,300m,72,256,1,5,1.3787259128093718,"[497921, 397921, 297921, 197921, 97921]"
464,300m,72,256,1,5,1.3787259128093718,"[438962, 338962, 238962, 138962, 38962]"
465,300m,72,256,1,5,1.3787259128093718,"[462285, 362285, 262285, 162285, 62285]"
466,300m,72,256,1,5,1.3787259128093718,"[472665, 372665, 272665, 172665, 72665]"
467,300m,72,256,1,5,1.3787259128093718,"[462643, 362643, 262643, 162643, 62643]"
468,300m,72,256,1,5,1.3787259128093718,"[491621, 391621, 291621, 191621, 91621]"
469,300m,72,256,1,5,1.3787259128093718,"[461668, 361668, 261668, 161668, 61668]"
470,300m,72,256,1,5,1.3787259128093718,"[484816, 384816, 284816, 184816, 84816]"
471,300m,72,256,1,5,1.3787259128093718,"[433889, 333889, 233889, 133889, 33889]"
472,300m,72,256,1,5,1.3787259128093718,"[484816, 384816, 284816, 184816, 84816]"
473,300m,72,256,1,5,1.3787259128093718,"[486852, 386852, 286852, 186852, 86852]"
474,300m,72,256,1,5,1.3787259128093718,"[401365, 301365, 201365, 101365, 1365]"
475,300m,72,256,1,5,1.3787259128093718,"[499080, 399080, 299080, 199080, 99080]"
476,300m,72,256,1,5,1.3787259128093718,"[499080, 399080, 299080, 199080, 99080]"
477,300m,72,256,1,5,1.3787259128093718,"[481376, 381376, 281376, 181376, 81376]"
478,300m,72,256,1,5,1.3787259128093718,"[420375, 320375, 220375, 120375, 20375]"
479,300m,72,256,1,5,1.3787259128093718,"[485959, 385959, 285959, 185959, 85959]"
480,300m,72,256,1,5,1.3787259128093718,"[471157, 371157, 271157, 171157, 71157]"
481,300m,72,256,1,5,1.3787259128093718,"[402557, 302557, 202557, 102557, 2557]"
482,300m,72,256,1,5,1.3787259128093718,"[434368, 334368, 234368, 134368, 34368]"
483,300m,72,256,1,5,1.3787259128093718,"[492183, 392183, 292183, 192183, 92183]"
484,300m,72,256,1,5,1.3787259128093718,"[484816, 384816, 284816, 184816, 84816]"
485,300m,72,256,1,5,1.3787259128093718,"[491621, 391621, 291621, 191621, 91621]"
486,300m,72,256,1,5,1.3787259128093718,"[477182, 377182, 277182, 177182, 77182]"
487,300m,72,256,1,5,1.3787259128093718,"[484816, 384816, 284816, 184816, 84816]"
488,300m,72,256,1,5,1.3787259128093718,"[402286, 302286, 202286, 102286, 2286]"
489,300m,72,256,1,5,1.3787259128093718,"[461668, 361668, 261668, 161668, 61668]"
490,300m,72,256,1,5,1.3787259128093718,"[473550, 373550, 273550, 173550, 73550]"
491,300m,72,256,1,5,1.3787259128093718,"[484816, 384816, 284816, 184816, 84816]"
492,300m,72,256,1,5,1.3787259128093718,"[447278, 347278, 247278, 147278, 47278]"
493,300m,72,256,1,5,1.3787259128093718,"[416172, 316172, 216172, 116172, 16172]"
494,300m,72,256,1,5,1.3787259128093718,"[484137, 384137, 284137, 184137, 84137]"
495,300m,72,256,1,5,1.3787259128093718,"[462285, 362285, 262285, 162285, 62285]"
496,300m,72,256,1,5,1.3787259128093718,"[444662, 344662, 244662, 144662, 44662]"
497,300m,72,256,1,5,1.3787259128093718,"[454574, 354574, 254574, 154574, 54574]"
498,300m,72,256,1,5,1.3787259128093718,"[409384, 309384, 209384, 109384, 9384]"
499,300m,72,256,1,5,1.3787259128093718,"[484816, 384816, 284816, 184816, 84816]"
500,300m,72,256,1,5,1.3787259128093718,"[440680, 340680, 240680, 140680, 40680]"
501,300m,72,256,1,5,1.3787259128093718,"[456312, 356312, 256312, 156312, 56312]"
502,300m,72,256,1,5,1.3787259128093718,"[422234, 322234, 222234, 122234, 22234]"
503,300m,72,256,1,5,1.3787259128093718,"[483151, 383151, 283151, 183151, 83151]"
504,300m,72,256,1,5,1.3787259128093718,"[479720, 379720, 279720, 179720, 79720]"
505,300m,72,256,1,5,1.3787259128093718,"[412328, 312328, 212328, 112328, 12328]"
506,300m,72,256,1,5,1.3787259128093718,"[462285, 362285, 262285, 162285, 62285]"
507,300m,72,256,1,5,1.3787259128093718,"[493724, 393724, 293724, 193724, 93724]"
508,300m,72,256,1,5,1.3787259128093718,"[484816, 384816, 284816, 184816, 84816]"
509,300m,72,256,1,5,1.3787259128093718,"[499080, 399080, 299080, 199080, 99080]"
510,300m,72,256,1,5,1.3787259128093718,"[417791, 317791, 217791, 117791, 17791]"
511,300m,72,256,1,5,1.3787259128093718,"[408458, 308458, 208458, 108458, 8458]"
512,300m,72,256,1,5,1.3787259128093718,"[454232, 354232, 254232, 154232, 54232]"
513,300m,72,256,1,5,1.3787259128093718,"[478926, 378926, 278926, 178926, 78926]"
514,300m,72,256,1,5,1.3787259128093718,"[462285, 362285, 262285, 162285, 62285]"
515,300m,72,256,1,5,1.3787259128093718,"[447697, 347697, 247697, 147697, 47697]"
516,300m,72,256,1,5,1.3787259128093718,"[462285, 362285, 262285, 162285, 62285]"
517,300m,72,256,1,5,1.3787259128093718,"[432466, 332466, 232466, 132466, 32466]"
518,300m,72,256,1,5,1.3787259128093718,"[450156, 350156, 250156, 150156, 50156]"
519,300m,72,256,1,5,1.3787259128093718,"[482824, 382824, 282824, 182824, 82824]"
520,300m,72,256,1,5,1.3787259128093718,"[487150, 387150, 287150, 187150, 87150]"
521,300m,72,256,1,5,1.3787259128093718,"[484816, 384816, 284816, 184816, 84816]"
522,300m,72,256,1,5,1.3787259128093718,"[497921, 397921, 297921, 197921, 97921]"
523,300m,72,256,1,5,1.3787259128093718,"[496160, 396160, 296160, 196160, 96160]"
524,300m,72,256,1,5,1.3787259128093718,"[466668, 366668, 266668, 166668, 66668]"
525,300m,72,256,1,5,1.3787259128093718,"[484816, 384816, 284816, 184816, 84816]"
526,300m,72,256,1,5,1.3787259128093718,"[450565, 350565, 250565, 150565, 50565]"
527,300m,72,256,1,5,1.3787259128093718,"[454574, 354574, 254574, 154574, 54574]"
528,300m,72,256,1,5,1.3787259128093718,"[470079, 370079, 270079, 170079, 70079]"
529,300m,72,256,1,5,1.3787259128093718,"[406119, 306119, 206119, 106119, 6119]"
530,300m,72,256,1,5,1.3787259128093718,"[484816, 384816, 284816, 184816, 84816]"
531,300m,72,256,1,5,1.3787259128093718,"[407967, 307967, 207967, 107967, 7967]"
532,300m,72,256,1,5,1.3787259128093718,"[460852, 360852, 260852, 160852, 60852]"
533,300m,72,256,1,5,1.3787259128093718,"[432969, 332969, 232969, 132969, 32969]"
534,300m,72,256,1,5,1.3787259128093718,"[450418, 350418, 250418, 150418, 50418]"
535,300m,72,256,1,5,1.3787259128093718,"[400974, 300974, 200974, 100974, 974]"
536,300m,72,256,1,5,1.3787259128093718,"[486852, 386852, 286852, 186852, 86852]"
537,300m,72,256,1,5,1.3787259128093718,"[427820, 327820, 227820, 127820, 27820]"
538,300m,72,256,1,5,1.3787259128093718,"[472665, 372665, 272665, 172665, 72665]"
539,300m,72,256,1,5,1.3787259128093718,"[484816, 384816, 284816, 184816, 84816]"
540,300m,72,256,1,5,1.3787259128093718,"[447697, 347697, 247697, 147697, 47697]"
541,300m,72,256,1,5,1.3787259128093718,"[493055, 393055, 293055, 193055, 93055]"
542,300m,72,256,1,5,1.3787259128093718,"[483151, 383151, 283151, 183151, 83151]"
543,300m,72,256,1,5,1.3787259128093718,"[413161, 313161, 213161, 113161, 13161]"
544,300m,72,256,1,5,1.3787259128093718,"[478110, 378110, 278110, 178110, 78110]"
545,300m,72,256,1,5,1.3787259128093718,"[465788, 365788, 265788, 165788, 65788]"
546,300m,72,256,1,5,1.3787259128093718,"[471157, 371157, 271157, 171157, 71157]"
547,300m,72,256,1,5,1.3787259128093718,"[416172, 316172, 216172, 116172, 16172]"
548,300m,72,256,1,5,1.3787259128093718,"[405900, 305900, 205900, 105900, 5900]"
549,300m,72,256,1,5,1.3787259128093718,"[487644, 387644, 287644, 187644, 87644]"
550,300m,72,256,1,5,1.3787259128093718,"[405448, 305448, 205448, 105448, 5448]"
551,300m,72,256,1,5,1.3787259128093718,"[484816, 384816, 284816, 184816, 84816]"
552,300m,72,256,1,5,1.3787259128093718,"[486852, 386852, 286852, 186852, 86852]"
553,300m,72,256,1,5,1.3787259128093718,"[402286, 302286, 202286, 102286, 2286]"
554,300m,72,256,1,5,1.3787259128093718,"[443487, 343487, 243487, 143487, 43487]"
555,300m,72,256,1,5,1.3787259128093718,"[402557, 302557, 202557, 102557, 2557]"
556,300m,72,256,1,5,1.3787259128093718,"[414923, 314923, 214923, 114923, 14923]"
557,300m,72,256,1,5,1.3787259128093718,"[484137, 384137, 284137, 184137, 84137]"
558,300m,72,256,1,5,1.3787259128093718,"[484816, 384816, 284816, 184816, 84816]"
559,300m,72,256,1,5,1.3787259128093718,"[469358, 369358, 269358, 169358, 69358]"
560,300m,72,256,1,5,1.3787259128093718,"[496980, 396980, 296980, 196980, 96980]"
561,300m,72,256,1,5,1.3787259128093718,"[470079, 370079, 270079, 170079, 70079]"
562,300m,72,256,1,5,1.3787259128093718,"[490777, 390777, 290777, 190777, 90777]"
563,300m,72,256,1,5,1.3787259128093718,"[423771, 323771, 223771, 123771, 23771]"
564,300m,72,256,1,5,1.3787259128093718,"[473127, 373127, 273127, 173127, 73127]"
565,300m,72,256,1,5,1.3787259128093718,"[472665, 372665, 272665, 172665, 72665]"
566,300m,72,256,1,5,1.3787259128093718,"[472665, 372665, 272665, 172665, 72665]"
567,300m,72,256,1,5,1.3787259128093718,"[466876, 366876, 266876, 166876, 66876]"
568,300m,72,256,1,5,1.3787259128093718,"[496539, 396539, 296539, 196539, 96539]"
569,300m,72,256,1,5,1.3787259128093718,"[477168, 377168, 277168, 177168, 77168]"
570,300m,72,256,1,5,1.3787259128093718,"[475374, 375374, 275374, 175374, 75374]"
571,300m,72,256,1,5,1.3787259128093718,"[462285, 362285, 262285, 162285, 62285]"
572,300m,72,256,1,5,1.3787259128093718,"[462285, 362285, 262285, 162285, 62285]"
573,300m,72,256,1,5,1.3787259128093718,"[446653, 346653, 246653, 146653, 46653]"
574,300m,72,256,1,5,1.3787259128093718,"[435443, 335443, 235443, 135443, 35443]"
575,300m,72,256,1,5,1.3787259128093718,"[447697, 347697, 247697, 147697, 47697]"
576,300m,72,256,1,5,1.3787259128093718,"[418349, 318349, 218349, 118349, 18349]"
577,300m,72,256,1,5,1.3787259128093718,"[470336, 370336, 270336, 170336, 70336]"
578,300m,72,256,1,5,1.3787259128093718,"[493152, 393152, 293152, 193152, 93152]"
579,300m,72,256,1,5,1.3787259128093718,"[472665, 372665, 272665, 172665, 72665]"
580,300m,72,256,1,5,1.3787259128093718,"[486335, 386335, 286335, 186335, 86335]"
581,300m,72,256,1,5,1.3787259128093718,"[498060, 398060, 298060, 198060, 98060]"
582,300m,72,256,1,5,1.3787259128093718,"[470752, 370752, 270752, 170752, 70752]"
583,300m,72,256,1,5,1.3787259128093718,"[458405, 358405, 258405, 158405, 58405]"
584,300m,72,256,1,5,1.3787259128093718,"[474939, 374939, 274939, 174939, 74939]"
585,300m,72,256,1,5,1.3787259128093718,"[484816, 384816, 284816, 184816, 84816]"
586,300m,72,256,1,5,1.3787259128093718,"[491621, 391621, 291621, 191621, 91621]"
587,300m,72,256,1,5,1.3787259128093718,"[484816, 384816, 284816, 184816, 84816]"
588,300m,72,256,1,5,1.3787259128093718,"[436051, 336051, 236051, 136051, 36051]"
589,300m,72,256,1,5,1.3787259128093718,"[484816, 384816, 284816, 184816, 84816]"
590,300m,72,256,1,5,1.3787259128093718,"[449761, 349761, 249761, 149761, 49761]"
591,300m,72,256,1,5,1.3787259128093718,"[490777, 390777, 290777, 190777, 90777]"
592,300m,72,256,1,5,1.3787259128093718,"[484816, 384816, 284816, 184816, 84816]"
593,300m,72,256,1,5,1.3787259128093718,"[484816, 384816, 284816, 184816, 84816]"
594,300m,72,256,1,5,1.3787259128093718,"[486852, 386852, 286852, 186852, 86852]"
595,300m,72,256,1,5,1.3787259128093718,"[445764, 345764, 245764, 145764, 45764]"
596,300m,72,256,1,5,1.3787259128093718,"[458405, 358405, 258405, 158405, 58405]"
597,300m,72,256,1,5,1.3787259128093718,"[419292, 319292, 219292, 119292, 19292]"
598,300m,72,256,1,5,1.3787259128093718,"[435765, 335765, 235765, 135765, 35765]"
599,300m,72,256,1,5,1.3787259128093718,"[430924, 330924, 230924, 130924, 30924]"
600,300m,72,256,1,5,1.3787259128093718,"[464316, 364316, 264316, 164316, 64316]"
601,300m,72,256,1,5,1.3787259128093718,"[430950, 330950, 230950, 130950, 30950]"
602,300m,72,256,1,5,1.3787259128093718,"[433368, 333368, 233368, 133368, 33368]"
603,300m,72,256,1,5,1.3787259128093718,"[417571, 317571, 217571, 117571, 17571]"
604,300m,72,256,1,5,1.3787259128093718,"[486852, 386852, 286852, 186852, 86852]"
605,300m,72,256,1,5,1.3787259128093718,"[496980, 396980, 296980, 196980, 96980]"
606,300m,72,256,1,5,1.3787259128093718,"[499260, 399260, 299260, 199260, 99260]"
607,300m,72,256,1,5,1.3787259128093718,"[462285, 362285, 262285, 162285, 62285]"
608,300m,72,256,1,5,1.3787259128093718,"[462387, 362387, 262387, 162387, 62387]"
609,300m,72,256,1,5,1.3787259128093718,"[462285, 362285, 262285, 162285, 62285]"
610,300m,72,256,1,5,1.3787259128093718,"[467883, 367883, 267883, 167883, 67883]"
611,300m,72,256,1,5,1.3787259128093718,"[484816, 384816, 284816, 184816, 84816]"
612,300m,72,256,1,5,1.3787259128093718,"[439706, 339706, 239706, 139706, 39706]"
613,300m,72,256,1,5,1.3787259128093718,"[495583, 395583, 295583, 195583, 95583]"
614,300m,72,256,1,5,1.3787259128093718,"[470079, 370079, 270079, 170079, 70079]"
615,300m,72,256,1,5,1.3787259128093718,"[414906, 314906, 214906, 114906, 14906]"
616,300m,72,256,1,5,1.3787259128093718,"[484816, 384816, 284816, 184816, 84816]"
617,300m,72,256,1,5,1.3787259128093718,"[472665, 372665, 272665, 172665, 72665]"
618,300m,72,256,1,5,1.3787259128093718,"[483229, 383229, 283229, 183229, 83229]"
619,300m,72,256,1,5,1.3787259128093718,"[447697, 347697, 247697, 147697, 47697]"
620,300m,72,256,1,5,1.3787259128093718,"[406119, 306119, 206119, 106119, 6119]"
621,300m,72,256,1,5,1.3787259128093718,"[478110, 378110, 278110, 178110, 78110]"
622,300m,72,256,1,5,1.3787259128093718,"[405255, 305255, 205255, 105255, 5255]"
623,300m,72,256,1,5,1.3787259128093718,"[436701, 336701, 236701, 136701, 36701]"
624,300m,72,256,1,5,1.3787259128093718,"[439236, 339236, 239236, 139236, 39236]"
625,300m,72,256,1,5,1.3787259128093718,"[403691, 303691, 203691, 103691, 3691]"
626,300m,72,256,1,5,1.3787259128093718,"[419737, 319737, 219737, 119737, 19737]"
627,300m,72,256,1,5,1.3787259128093718,"[433368, 333368, 233368, 133368, 33368]"
628,300m,72,256,1,5,1.3787259128093718,"[462285, 362285, 262285, 162285, 62285]"
629,300m,72,256,1,5,1.3787259128093718,"[470752, 370752, 270752, 170752, 70752]"
630,300m,72,256,1,5,1.3787259128093718,"[409686, 309686, 209686, 109686, 9686]"
631,300m,72,256,1,5,1.3787259128093718,"[406119, 306119, 206119, 106119, 6119]"
632,300m,72,256,1,5,1.3787259128093718,"[449761, 349761, 249761, 149761, 49761]"
633,300m,72,256,1,5,1.3787259128093718,"[484816, 384816, 284816, 184816, 84816]"
634,300m,72,256,1,5,1.3787259128093718,"[462285, 362285, 262285, 162285, 62285]"
635,300m,72,256,1,5,1.3787259128093718,"[446013, 346013, 246013, 146013, 46013]"
636,300m,72,256,1,5,1.3787259128093718,"[490777, 390777, 290777, 190777, 90777]"
637,300m,72,256,1,5,1.3787259128093718,"[484816, 384816, 284816, 184816, 84816]"
638,300m,72,256,1,5,1.3787259128093718,"[407967, 307967, 207967, 107967, 7967]"
639,300m,72,256,1,5,1.3787259128093718,"[435443, 335443, 235443, 135443, 35443]"
640,300m,72,256,1,5,1.3787259128093718,"[486223, 386223, 286223, 186223, 86223]"
641,300m,72,256,1,5,1.3787259128093718,"[427820, 327820, 227820, 127820, 27820]"
642,300m,72,256,1,5,1.3787259128093718,"[490406, 390406, 290406, 190406, 90406]"
643,300m,72,256,1,5,1.3787259128093718,"[406119, 306119, 206119, 106119, 6119]"
644,300m,72,256,1,5,1.3787259128093718,"[490406, 390406, 290406, 190406, 90406]"
645,300m,72,256,1,5,1.3787259128093718,"[467883, 367883, 267883, 167883, 67883]"
646,300m,72,256,1,5,1.3787259128093718,"[497002, 397002, 297002, 197002, 97002]"
647,300m,72,256,1,5,1.3787259128093718,"[484816, 384816, 284816, 184816, 84816]"
648,300m,72,256,1,5,1.3787259128093718,"[472096, 372096, 272096, 172096, 72096]"
649,300m,72,256,1,5,1.3787259128093718,"[484816, 384816, 284816, 184816, 84816]"
650,300m,72,256,1,5,1.3787259128093718,"[438466, 338466, 238466, 138466, 38466]"
651,300m,72,256,1,5,1.3787259128093718,"[479720, 379720, 279720, 179720, 79720]"
652,300m,72,256,1,5,1.3787259128093718,"[484816, 384816, 284816, 184816, 84816]"
653,300m,72,256,1,5,1.3787259128093718,"[486852, 386852, 286852, 186852, 86852]"
654,300m,72,256,1,5,1.3787259128093718,"[466723, 366723, 266723, 166723, 66723]"
655,300m,72,256,1,5,1.3787259128093718,"[484816, 384816, 284816, 184816, 84816]"
656,300m,72,256,1,5,1.3787259128093718,"[434428, 334428, 234428, 134428, 34428]"
657,300m,72,256,1,5,1.3787259128093718,"[409452, 309452, 209452, 109452, 9452]"
658,300m,72,256,1,5,1.3787259128093718,"[425086, 325086, 225086, 125086, 25086]"
659,300m,72,256,1,5,1.3787259128093718,"[478723, 378723, 278723, 178723, 78723]"
660,300m,72,256,1,5,1.3787259128093718,"[462285, 362285, 262285, 162285, 62285]"
661,300m,72,256,1,5,1.3787259128093718,"[468671, 368671, 268671, 168671, 68671]"
662,300m,72,256,1,5,1.3787259128093718,"[477168, 377168, 277168, 177168, 77168]"
663,300m,72,256,1,5,1.3787259128093718,"[484816, 384816, 284816, 184816, 84816]"
664,300m,72,256,1,5,1.3787259128093718,"[424269, 324269, 224269, 124269, 24269]"
665,300m,72,256,1,5,1.3787259128093718,"[487778, 387778, 287778, 187778, 87778]"
666,300m,72,256,1,5,1.3787259128093718,"[443558, 343558, 243558, 143558, 43558]"
667,300m,72,256,1,5,1.3787259128093718,"[446483, 346483, 246483, 146483, 46483]"
668,300m,72,256,1,5,1.3787259128093718,"[471157, 371157, 271157, 171157, 71157]"
669,300m,72,256,1,5,1.3787259128093718,"[481376, 381376, 281376, 181376, 81376]"
670,300m,72,256,1,5,1.3787259128093718,"[483610, 383610, 283610, 183610, 83610]"
671,300m,72,256,1,5,1.3787259128093718,"[406119, 306119, 206119, 106119, 6119]"
672,300m,72,256,1,5,1.3787259128093718,"[486852, 386852, 286852, 186852, 86852]"
673,300m,72,256,1,5,1.3787259128093718,"[484816, 384816, 284816, 184816, 84816]"
674,300m,72,256,1,5,1.3787259128093718,"[484137, 384137, 284137, 184137, 84137]"
675,300m,72,256,1,5,1.3787259128093718,"[409768, 309768, 209768, 109768, 9768]"
676,300m,72,256,1,5,1.3787259128093718,"[477079, 377079, 277079, 177079, 77079]"
677,300m,72,256,1,5,1.3787259128093718,"[486852, 386852, 286852, 186852, 86852]"
678,300m,72,256,1,5,1.3787259128093718,"[434785, 334785, 234785, 134785, 34785]"
679,300m,72,256,1,5,1.3787259128093718,"[432932, 332932, 232932, 132932, 32932]"
680,300m,72,256,1,5,1.3787259128093718,"[439706, 339706, 239706, 139706, 39706]"
681,300m,72,256,1,5,1.3787259128093718,"[473373, 373373, 273373, 173373, 73373]"
682,300m,72,256,1,5,1.3787259128093718,"[468671, 368671, 268671, 168671, 68671]"
683,300m,72,256,1,5,1.3787259128093718,"[435443, 335443, 235443, 135443, 35443]"
684,300m,72,256,1,5,1.3787259128093718,"[462285, 362285, 262285, 162285, 62285]"
685,300m,72,256,1,5,1.3787259128093718,"[484816, 384816, 284816, 184816, 84816]"
686,300m,72,256,1,5,1.3787259128093718,"[467883, 367883, 267883, 167883, 67883]"
687,300m,72,256,1,5,1.3787259128093718,"[459419, 359419, 259419, 159419, 59419]"
688,300m,72,256,1,5,1.3787259128093718,"[412135, 312135, 212135, 112135, 12135]"
689,300m,72,256,1,5,1.3787259128093718,"[497026, 397026, 297026, 197026, 97026]"
690,300m,72,256,1,5,1.3787259128093718,"[430857, 330857, 230857, 130857, 30857]"
691,300m,72,256,1,5,1.3787259128093718,"[449361, 349361, 249361, 149361, 49361]"
692,300m,72,256,1,5,1.3787259128093718,"[475374, 375374, 275374, 175374, 75374]"
693,300m,72,256,1,5,1.3787259128093718,"[402557, 302557, 202557, 102557, 2557]"
694,300m,72,256,1,5,1.3787259128093718,"[430857, 330857, 230857, 130857, 30857]"
695,300m,72,256,1,5,1.3787259128093718,"[496980, 396980, 296980, 196980, 96980]"
696,300m,72,256,1,5,1.3787259128093718,"[442751, 342751, 242751, 142751, 42751]"
697,300m,72,256,1,5,1.3787259128093718,"[435765, 335765, 235765, 135765, 35765]"
698,300m,72,256,1,5,1.3787259128093718,"[460202, 360202, 260202, 160202, 60202]"
699,300m,72,256,1,5,1.3787259128093718,"[469915, 369915, 269915, 169915, 69915]"
700,300m,72,256,1,5,1.3787259128093718,"[432584, 332584, 232584, 132584, 32584]"
701,300m,72,256,1,5,1.3787259128093718,"[472665, 372665, 272665, 172665, 72665]"
702,300m,72,256,1,5,1.3787259128093718,"[487620, 387620, 287620, 187620, 87620]"
703,300m,72,256,1,5,1.3787259128093718,"[484816, 384816, 284816, 184816, 84816]"
704,300m,72,256,1,5,1.3787259128093718,"[422491, 322491, 222491, 122491, 22491]"
705,300m,72,256,1,5,1.3787259128093718,"[491621, 391621, 291621, 191621, 91621]"
706,300m,72,256,1,5,1.3787259128093718,"[496980, 396980, 296980, 196980, 96980]"
707,300m,72,256,1,5,1.3787259128093718,"[432466, 332466, 232466, 132466, 32466]"
708,300m,72,256,1,5,1.3787259128093718,"[436462, 336462, 236462, 136462, 36462]"
709,300m,72,256,1,5,1.3787259128093718,"[447112, 347112, 247112, 147112, 47112]"
710,300m,72,256,1,5,1.3787259128093718,"[402577, 302577, 202577, 102577, 2577]"
711,300m,72,256,1,5,1.3787259128093718,"[470336, 370336, 270336, 170336, 70336]"
712,300m,72,256,1,5,1.3787259128093718,"[430857, 330857, 230857, 130857, 30857]"
713,300m,72,256,1,5,1.3787259128093718,"[487217, 387217, 287217, 187217, 87217]"
714,300m,72,256,1,5,1.3787259128093718,"[474104, 374104, 274104, 174104, 74104]"
715,300m,72,256,1,5,1.3787259128093718,"[412340, 312340, 212340, 112340, 12340]"
716,300m,72,256,1,5,1.3787259128093718,"[431770, 331770, 231770, 131770, 31770]"
717,300m,72,256,1,5,1.3787259128093718,"[432932, 332932, 232932, 132932, 32932]"
718,300m,72,256,1,5,1.3787259128093718,"[472665, 372665, 272665, 172665, 72665]"
719,300m,72,256,1,5,1.3787259128093718,"[474408, 374408, 274408, 174408, 74408]"
720,300m,72,256,1,5,1.3787259128093718,"[442751, 342751, 242751, 142751, 42751]"
721,300m,72,256,1,5,1.3787259128093718,"[484816, 384816, 284816, 184816, 84816]"
722,300m,72,256,1,5,1.3787259128093718,"[486852, 386852, 286852, 186852, 86852]"
723,300m,72,256,1,5,1.3787259128093718,"[462285, 362285, 262285, 162285, 62285]"
724,300m,72,256,1,5,1.3787259128093718,"[465633, 365633, 265633, 165633, 65633]"
725,300m,72,256,1,5,1.3787259128093718,"[472665, 372665, 272665, 172665, 72665]"
726,300m,72,256,1,5,1.3787259128093718,"[440976, 340976, 240976, 140976, 40976]"
727,300m,72,256,1,5,1.3787259128093718,"[470079, 370079, 270079, 170079, 70079]"
728,300m,72,256,1,5,1.3787259128093718,"[411429, 311429, 211429, 111429, 11429]"
729,300m,72,256,1,5,1.3787259128093718,"[491621, 391621, 291621, 191621, 91621]"
730,300m,72,256,1,5,1.3787259128093718,"[484816, 384816, 284816, 184816, 84816]"
731,300m,72,256,1,5,1.3787259128093718,"[489455, 389455, 289455, 189455, 89455]"
732,300m,72,256,1,5,1.3787259128093718,"[462285, 362285, 262285, 162285, 62285]"
733,300m,72,256,1,5,1.3787259128093718,"[467883, 367883, 267883, 167883, 67883]"
734,300m,72,256,1,5,1.3787259128093718,"[439449, 339449, 239449, 139449, 39449]"
735,300m,72,256,1,5,1.3787259128093718,"[435443, 335443, 235443, 135443, 35443]"
736,300m,72,256,1,5,1.3787259128093718,"[430950, 330950, 230950, 130950, 30950]"
737,300m,72,256,1,5,1.3787259128093718,"[434089, 334089, 234089, 134089, 34089]"
738,300m,72,256,1,5,1.3787259128093718,"[478926, 378926, 278926, 178926, 78926]"
739,300m,72,256,1,5,1.3787259128093718,"[484816, 384816, 284816, 184816, 84816]"
740,300m,72,256,1,5,1.3787259128093718,"[484816, 384816, 284816, 184816, 84816]"
741,300m,72,256,1,5,1.3787259128093718,"[496980, 396980, 296980, 196980, 96980]"
742,300m,72,256,1,5,1.3787259128093718,"[496233, 396233, 296233, 196233, 96233]"
743,300m,72,256,1,5,1.3787259128093718,"[491621, 391621, 291621, 191621, 91621]"
744,300m,72,256,1,5,1.3787259128093718,"[484816, 384816, 284816, 184816, 84816]"
745,300m,72,256,1,5,1.3787259128093718,"[432441, 332441, 232441, 132441, 32441]"
746,300m,72,256,1,5,1.3787259128093718,"[448568, 348568, 248568, 148568, 48568]"
747,300m,72,256,1,5,1.3787259128093718,"[494203, 394203, 294203, 194203, 94203]"
748,300m,72,256,1,5,1.3787259128093718,"[406957, 306957, 206957, 106957, 6957]"
749,300m,72,256,1,5,1.3787259128093718,"[404502, 304502, 204502, 104502, 4502]"
750,300m,72,256,1,5,1.3787259128093718,"[460202, 360202, 260202, 160202, 60202]"
751,300m,72,256,1,5,1.3787259128093718,"[400955, 300955, 200955, 100955, 955]"
752,300m,72,256,1,5,1.3787259128093718,"[415697, 315697, 215697, 115697, 15697]"
753,300m,72,256,1,5,1.3787259128093718,"[434428, 334428, 234428, 134428, 34428]"
754,300m,72,256,1,5,1.3787259128093718,"[484816, 384816, 284816, 184816, 84816]"
755,300m,72,256,1,5,1.3787259128093718,"[483151, 383151, 283151, 183151, 83151]"
756,300m,72,256,1,5,1.3787259128093718,"[435443, 335443, 235443, 135443, 35443]"
757,300m,72,256,1,5,1.3787259128093718,"[409381, 309381, 209381, 109381, 9381]"
758,300m,72,256,1,5,1.3787259128093718,"[447697, 347697, 247697, 147697, 47697]"
759,300m,72,256,1,5,1.3787259128093718,"[472665, 372665, 272665, 172665, 72665]"
760,300m,72,256,1,5,1.3787259128093718,"[412328, 312328, 212328, 112328, 12328]"
761,300m,72,256,1,5,1.3787259128093718,"[447697, 347697, 247697, 147697, 47697]"
762,300m,72,256,1,5,1.3787259128093718,"[493152, 393152, 293152, 193152, 93152]"
763,300m,72,256,1,5,1.3787259128093718,"[432932, 332932, 232932, 132932, 32932]"
764,300m,72,256,1,5,1.3787259128093718,"[478228, 378228, 278228, 178228, 78228]"
765,300m,72,256,1,5,1.3787259128093718,"[470079, 370079, 270079, 170079, 70079]"
766,300m,72,256,1,5,1.3787259128093718,"[406181, 306181, 206181, 106181, 6181]"
767,300m,72,256,1,5,1.3787259128093718,"[462285, 362285, 262285, 162285, 62285]"
768,300m,72,256,1,5,1.3787259128093718,"[447697, 347697, 247697, 147697, 47697]"
769,300m,72,256,1,5,1.3787259128093718,"[447070, 347070, 247070, 147070, 47070]"
770,300m,72,256,1,5,1.3787259128093718,"[465060, 365060, 265060, 165060, 65060]"
771,300m,72,256,1,5,1.3787259128093718,"[430063, 330063, 230063, 130063, 30063]"
772,300m,72,256,1,5,1.3787259128093718,"[432932, 332932, 232932, 132932, 32932]"
773,300m,72,256,1,5,1.3787259128093718,"[474939, 374939, 274939, 174939, 74939]"
774,300m,72,256,1,5,1.3787259128093718,"[484816, 384816, 284816, 184816, 84816]"
775,300m,72,256,1,5,1.3787259128093718,"[454574, 354574, 254574, 154574, 54574]"
776,300m,72,256,1,5,1.3787259128093718,"[439706, 339706, 239706, 139706, 39706]"
777,300m,72,256,1,5,1.3787259128093718,"[409452, 309452, 209452, 109452, 9452]"
778,300m,72,256,1,5,1.3787259128093718,"[484816, 384816, 284816, 184816, 84816]"
779,300m,72,256,1,5,1.3787259128093718,"[425185, 325185, 225185, 125185, 25185]"
780,300m,72,256,1,5,1.3787259128093718,"[484816, 384816, 284816, 184816, 84816]"
781,300m,72,256,1,5,1.3787259128093718,"[489021, 389021, 289021, 189021, 89021]"
782,300m,72,256,1,5,1.3787259128093718,"[433368, 333368, 233368, 133368, 33368]"
783,300m,72,256,1,5,1.3787259128093718,"[462285, 362285, 262285, 162285, 62285]"
784,300m,72,256,1,5,1.3787259128093718,"[413161, 313161, 213161, 113161, 13161]"
785,300m,72,256,1,5,1.3787259128093718,"[432466, 332466, 232466, 132466, 32466]"
786,300m,72,256,1,5,1.3787259128093718,"[409585, 309585, 209585, 109585, 9585]"
787,300m,72,256,1,5,1.3787259128093718,"[484816, 384816, 284816, 184816, 84816]"
788,300m,72,256,1,5,1.3787259128093718,"[412082, 312082, 212082, 112082, 12082]"
789,300m,72,256,1,5,1.3787259128093718,"[496980, 396980, 296980, 196980, 96980]"
790,300m,72,256,1,5,1.3787259128093718,"[430857, 330857, 230857, 130857, 30857]"
791,300m,72,256,1,5,1.3787259128093718,"[460132, 360132, 260132, 160132, 60132]"
792,300m,72,256,1,5,1.3787259128093718,"[433415, 333415, 233415, 133415, 33415]"
793,300m,72,256,1,5,1.3787259128093718,"[472601, 372601, 272601, 172601, 72601]"
794,300m,72,256,1,5,1.3787259128093718,"[486852, 386852, 286852, 186852, 86852]"
795,300m,72,256,1,5,1.3787259128093718,"[402286, 302286, 202286, 102286, 2286]"
796,300m,72,256,1,5,1.3787259128093718,"[499080, 399080, 299080, 199080, 99080]"
797,300m,72,256,1,5,1.3787259128093718,"[408458, 308458, 208458, 108458, 8458]"
798,300m,72,256,1,5,1.3787259128093718,"[477168, 377168, 277168, 177168, 77168]"
799,300m,72,256,1,5,1.3787259128093718,"[462285, 362285, 262285, 162285, 62285]"
800,300m,72,256,1,5,1.3787259128093718,"[405448, 305448, 205448, 105448, 5448]"
801,300m,72,256,1,5,1.3787259128093718,"[471555, 371555, 271555, 171555, 71555]"
802,300m,72,256,1,5,1.3787259128093718,"[484816, 384816, 284816, 184816, 84816]"
803,300m,72,256,1,5,1.3787259128093718,"[454574, 354574, 254574, 154574, 54574]"
804,300m,72,256,1,5,1.3787259128093718,"[408458, 308458, 208458, 108458, 8458]"
805,300m,72,256,1,5,1.3787259128093718,"[485959, 385959, 285959, 185959, 85959]"
806,300m,72,256,1,5,1.3787259128093718,"[414770, 314770, 214770, 114770, 14770]"
807,300m,72,256,1,5,1.3787259128093718,"[492512, 392512, 292512, 192512, 92512]"
808,300m,72,256,1,5,1.3787259128093718,"[443845, 343845, 243845, 143845, 43845]"
809,300m,72,256,1,5,1.3787259128093718,"[402557, 302557, 202557, 102557, 2557]"
810,300m,72,256,1,5,1.3787259128093718,"[452900, 352900, 252900, 152900, 52900]"
811,300m,72,256,1,5,1.3787259128093718,"[484816, 384816, 284816, 184816, 84816]"
812,300m,72,256,1,5,1.3787259128093718,"[462285, 362285, 262285, 162285, 62285]"
813,300m,72,256,1,5,1.3787259128093718,"[484816, 384816, 284816, 184816, 84816]"
814,300m,72,256,1,5,1.3787259128093718,"[441621, 341621, 241621, 141621, 41621]"
815,300m,72,256,1,5,1.3787259128093718,"[484816, 384816, 284816, 184816, 84816]"
816,300m,72,256,1,5,1.3787259128093718,"[472187, 372187, 272187, 172187, 72187]"
817,300m,72,256,1,5,1.3787259128093718,"[423352, 323352, 223352, 123352, 23352]"
818,300m,72,256,1,5,1.3787259128093718,"[402577, 302577, 202577, 102577, 2577]"
819,300m,72,256,1,5,1.3787259128093718,"[462285, 362285, 262285, 162285, 62285]"
820,300m,72,256,1,5,1.3787259128093718,"[419388, 319388, 219388, 119388, 19388]"
821,300m,72,256,1,5,1.3787259128093718,"[458938, 358938, 258938, 158938, 58938]"
822,300m,72,256,1,5,1.3787259128093718,"[447630, 347630, 247630, 147630, 47630]"
823,300m,72,256,1,5,1.3787259128093718,"[486852, 386852, 286852, 186852, 86852]"
824,300m,72,256,1,5,1.3787259128093718,"[484816, 384816, 284816, 184816, 84816]"
825,300m,72,256,1,5,1.3787259128093718,"[491621, 391621, 291621, 191621, 91621]"
826,300m,72,256,1,5,1.3787259128093718,"[458307, 358307, 258307, 158307, 58307]"
827,300m,72,256,1,5,1.3787259128093718,"[484816, 384816, 284816, 184816, 84816]"
828,300m,72,256,1,5,1.3787259128093718,"[452229, 352229, 252229, 152229, 52229]"
829,300m,72,256,1,5,1.3787259128093718,"[491621, 391621, 291621, 191621, 91621]"
830,300m,72,256,1,5,1.3787259128093718,"[472665, 372665, 272665, 172665, 72665]"
831,300m,72,256,1,5,1.3787259128093718,"[484816, 384816, 284816, 184816, 84816]"
832,300m,72,256,1,5,1.3787259128093718,"[484816, 384816, 284816, 184816, 84816]"
833,300m,72,256,1,5,1.3787259128093718,"[434089, 334089, 234089, 134089, 34089]"
834,300m,72,256,1,5,1.3787259128093718,"[466682, 366682, 266682, 166682, 66682]"
835,300m,72,256,1,5,1.3787259128093718,"[419957, 319957, 219957, 119957, 19957]"
836,300m,72,256,1,5,1.3787259128093718,"[493776, 393776, 293776, 193776, 93776]"
837,300m,72,256,1,5,1.3787259128093718,"[496980, 396980, 296980, 196980, 96980]"
838,300m,72,256,1,5,1.3787259128093718,"[472665, 372665, 272665, 172665, 72665]"
839,300m,72,256,1,5,1.3787259128093718,"[473373, 373373, 273373, 173373, 73373]"
840,300m,72,256,1,5,1.3787259128093718,"[484816, 384816, 284816, 184816, 84816]"
841,300m,72,256,1,5,1.3787259128093718,"[479273, 379273, 279273, 179273, 79273]"
842,300m,72,256,1,5,1.3787259128093718,"[455452, 355452, 255452, 155452, 55452]"
843,300m,72,256,1,5,1.3787259128093718,"[484816, 384816, 284816, 184816, 84816]"
844,300m,72,256,1,5,1.3787259128093718,"[470883, 370883, 270883, 170883, 70883]"
845,300m,72,256,1,5,1.3787259128093718,"[497026, 397026, 297026, 197026, 97026]"
846,300m,72,256,1,5,1.3787259128093718,"[430857, 330857, 230857, 130857, 30857]"
847,300m,72,256,1,5,1.3787259128093718,"[489941, 389941, 289941, 189941, 89941]"
848,300m,72,256,1,5,1.3787259128093718,"[472665, 372665, 272665, 172665, 72665]"
849,300m,72,256,1,5,1.3787259128093718,"[478723, 378723, 278723, 178723, 78723]"
850,300m,72,256,1,5,1.3787259128093718,"[432969, 332969, 232969, 132969, 32969]"
851,300m,72,256,1,5,1.3787259128093718,"[447697, 347697, 247697, 147697, 47697]"
852,300m,72,256,1,5,1.3787259128093718,"[445764, 345764, 245764, 145764, 45764]"
853,300m,72,256,1,5,1.3787259128093718,"[486852, 386852, 286852, 186852, 86852]"
854,300m,72,256,1,5,1.3787259128093718,"[484816, 384816, 284816, 184816, 84816]"
855,300m,72,256,1,5,1.3787259128093718,"[484816, 384816, 284816, 184816, 84816]"
856,300m,72,256,1,5,1.3787259128093718,"[432969, 332969, 232969, 132969, 32969]"
857,300m,72,256,1,5,1.3787259128093718,"[454574, 354574, 254574, 154574, 54574]"
858,300m,72,256,1,5,1.3787259128093718,"[486852, 386852, 286852, 186852, 86852]"
859,300m,72,256,1,5,1.3787259128093718,"[402577, 302577, 202577, 102577, 2577]"
860,300m,72,256,1,5,1.3787259128093718,"[484816, 384816, 284816, 184816, 84816]"
861,300m,72,256,1,5,1.3787259128093718,"[499080, 399080, 299080, 199080, 99080]"
862,300m,72,256,1,5,1.3787259128093718,"[475032, 375032, 275032, 175032, 75032]"
863,300m,72,256,1,5,1.3787259128093718,"[496980, 396980, 296980, 196980, 96980]"
864,300m,72,256,1,5,1.3787259128093718,"[473373, 373373, 273373, 173373, 73373]"
865,300m,72,256,1,5,1.3787259128093718,"[454574, 354574, 254574, 154574, 54574]"
866,300m,72,256,1,5,1.3787259128093718,"[401365, 301365, 201365, 101365, 1365]"
867,300m,72,256,1,5,1.3787259128093718,"[439605, 339605, 239605, 139605, 39605]"
868,300m,72,256,1,5,1.3787259128093718,"[442565, 342565, 242565, 142565, 42565]"
869,300m,72,256,1,5,1.3787259128093718,"[480110, 380110, 280110, 180110, 80110]"
870,300m,72,256,1,5,1.3787259128093718,"[449361, 349361, 249361, 149361, 49361]"
871,300m,72,256,1,5,1.3787259128093718,"[406170, 306170, 206170, 106170, 6170]"
872,300m,72,256,1,5,1.3787259128093718,"[432466, 332466, 232466, 132466, 32466]"
873,300m,72,256,1,5,1.3787259128093718,"[423352, 323352, 223352, 123352, 23352]"
874,300m,72,256,1,5,1.3787259128093718,"[462285, 362285, 262285, 162285, 62285]"
875,300m,72,256,1,5,1.3787259128093718,"[405448, 305448, 205448, 105448, 5448]"
876,300m,72,256,1,5,1.3787259128093718,"[484816, 384816, 284816, 184816, 84816]"
877,300m,72,256,1,5,1.3787259128093718,"[438230, 338230, 238230, 138230, 38230]"
878,300m,72,256,1,5,1.3787259128093718,"[402326, 302326, 202326, 102326, 2326]"
879,300m,72,256,1,5,1.3787259128093718,"[409423, 309423, 209423, 109423, 9423]"
880,300m,72,256,1,5,1.3787259128093718,"[465060, 365060, 265060, 165060, 65060]"
881,300m,72,256,1,5,1.3787259128093718,"[458405, 358405, 258405, 158405, 58405]"
882,300m,72,256,1,5,1.3787259128093718,"[489511, 389511, 289511, 189511, 89511]"
883,300m,72,256,1,5,1.3787259128093718,"[484816, 384816, 284816, 184816, 84816]"
884,300m,72,256,1,5,1.3787259128093718,"[484816, 384816, 284816, 184816, 84816]"
885,300m,72,256,1,5,1.3787259128093718,"[477168, 377168, 277168, 177168, 77168]"
886,300m,72,256,1,5,1.3787259128093718,"[486852, 386852, 286852, 186852, 86852]"
887,300m,72,256,1,5,1.3787259128093718,"[454574, 354574, 254574, 154574, 54574]"
888,300m,72,256,1,5,1.3787259128093718,"[462285, 362285, 262285, 162285, 62285]"
889,300m,72,256,1,5,1.3787259128093718,"[484816, 384816, 284816, 184816, 84816]"
890,300m,72,256,1,5,1.3787259128093718,"[470323, 370323, 270323, 170323, 70323]"
891,300m,72,256,1,5,1.3787259128093718,"[487000, 387000, 287000, 187000, 87000]"
892,300m,72,256,1,5,1.3787259128093718,"[497184, 397184, 297184, 197184, 97184]"
893,300m,72,256,1,5,1.3787259128093718,"[435796, 335796, 235796, 135796, 35796]"
894,300m,72,256,1,5,1.3787259128093718,"[406170, 306170, 206170, 106170, 6170]"
895,300m,72,256,1,5,1.3787259128093718,"[433368, 333368, 233368, 133368, 33368]"
896,300m,72,256,1,5,1.3787259128093718,"[484816, 384816, 284816, 184816, 84816]"
897,300m,72,256,1,5,1.3787259128093718,"[496980, 396980, 296980, 196980, 96980]"
898,300m,72,256,1,5,1.3787259128093718,"[464931, 364931, 264931, 164931, 64931]"
899,300m,72,256,1,5,1.3787259128093718,"[434089, 334089, 234089, 134089, 34089]"
900,300m,72,256,1,5,1.3787259128093718,"[430857, 330857, 230857, 130857, 30857]"
901,300m,72,256,1,5,1.3787259128093718,"[406813, 306813, 206813, 106813, 6813]"
902,300m,72,256,1,5,1.3787259128093718,"[462285, 362285, 262285, 162285, 62285]"
903,300m,72,256,1,5,1.3787259128093718,"[479273, 379273, 279273, 179273, 79273]"
904,300m,72,256,1,5,1.3787259128093718,"[432932, 332932, 232932, 132932, 32932]"
905,300m,72,256,1,5,1.3787259128093718,"[493776, 393776, 293776, 193776, 93776]"
906,300m,72,256,1,5,1.3787259128093718,"[458307, 358307, 258307, 158307, 58307]"
907,300m,72,256,1,5,1.3787259128093718,"[462285, 362285, 262285, 162285, 62285]"
908,300m,72,256,1,5,1.3787259128093718,"[430857, 330857, 230857, 130857, 30857]"
909,300m,72,256,1,5,1.3787259128093718,"[462372, 362372, 262372, 162372, 62372]"
910,300m,72,256,1,5,1.3787259128093718,"[447697, 347697, 247697, 147697, 47697]"
911,300m,72,256,1,5,1.3787259128093718,"[484816, 384816, 284816, 184816, 84816]"
912,300m,72,256,1,5,1.3787259128093718,"[404502, 304502, 204502, 104502, 4502]"
913,300m,72,256,1,5,1.3787259128093718,"[421638, 321638, 221638, 121638, 21638]"
914,300m,72,256,1,5,1.3787259128093718,"[480987, 380987, 280987, 180987, 80987]"
915,300m,72,256,1,5,1.3787259128093718,"[402557, 302557, 202557, 102557, 2557]"
916,300m,72,256,1,5,1.3787259128093718,"[466836, 366836, 266836, 166836, 66836]"
917,300m,72,256,1,5,1.3787259128093718,"[415212, 315212, 215212, 115212, 15212]"
918,300m,72,256,1,5,1.3787259128093718,"[486852, 386852, 286852, 186852, 86852]"
919,300m,72,256,1,5,1.3787259128093718,"[472665, 372665, 272665, 172665, 72665]"
920,300m,72,256,1,5,1.3787259128093718,"[494898, 394898, 294898, 194898, 94898]"
921,300m,72,256,1,5,1.3787259128093718,"[481376, 381376, 281376, 181376, 81376]"
922,300m,72,256,1,5,1.3787259128093718,"[484816, 384816, 284816, 184816, 84816]"
923,300m,72,256,1,5,1.3787259128093718,"[473373, 373373, 273373, 173373, 73373]"
924,300m,72,256,1,5,1.3787259128093718,"[493183, 393183, 293183, 193183, 93183]"
925,300m,72,256,1,5,1.3787259128093718,"[499080, 399080, 299080, 199080, 99080]"
926,300m,72,256,1,5,1.3787259128093718,"[427617, 327617, 227617, 127617, 27617]"
927,300m,72,256,1,5,1.3787259128093718,"[462285, 362285, 262285, 162285, 62285]"
928,300m,72,256,1,5,1.3787259128093718,"[487887, 387887, 287887, 187887, 87887]"
929,300m,72,256,1,5,1.3787259128093718,"[481757, 381757, 281757, 181757, 81757]"
930,300m,72,256,1,5,1.3787259128093718,"[425329, 325329, 225329, 125329, 25329]"
931,300m,72,256,1,5,1.3787259128093718,"[442565, 342565, 242565, 142565, 42565]"
932,300m,72,256,1,5,1.3787259128093718,"[496233, 396233, 296233, 196233, 96233]"
933,300m,72,256,1,5,1.3787259128093718,"[458097, 358097, 258097, 158097, 58097]"
934,300m,72,256,1,5,1.3787259128093718,"[400677, 300677, 200677, 100677, 677]"
935,300m,72,256,1,5,1.3787259128093718,"[484816, 384816, 284816, 184816, 84816]"
936,300m,72,256,1,5,1.3787259128093718,"[493724, 393724, 293724, 193724, 93724]"
937,300m,72,256,1,5,1.3787259128093718,"[447697, 347697, 247697, 147697, 47697]"
938,300m,72,256,1,5,1.3787259128093718,"[490343, 390343, 290343, 190343, 90343]"
939,300m,72,256,1,5,1.3787259128093718,"[493724, 393724, 293724, 193724, 93724]"
940,300m,72,256,1,5,1.3787259128093718,"[470079, 370079, 270079, 170079, 70079]"
941,300m,72,256,1,5,1.3787259128093718,"[430857, 330857, 230857, 130857, 30857]"
942,300m,72,256,1,5,1.3787259128093718,"[496233, 396233, 296233, 196233, 96233]"
943,300m,72,256,1,5,1.3787259128093718,"[424269, 324269, 224269, 124269, 24269]"
944,300m,72,256,1,5,1.3787259128093718,"[486223, 386223, 286223, 186223, 86223]"
945,300m,72,256,1,5,1.3787259128093718,"[445067, 345067, 245067, 145067, 45067]"
946,300m,72,256,1,5,1.3787259128093718,"[489021, 389021, 289021, 189021, 89021]"
947,300m,72,256,1,5,1.3787259128093718,"[454574, 354574, 254574, 154574, 54574]"
948,300m,72,256,1,5,1.3787259128093718,"[454913, 354913, 254913, 154913, 54913]"
949,300m,72,256,1,5,1.3787259128093718,"[496980, 396980, 296980, 196980, 96980]"
950,300m,72,256,1,5,1.3787259128093718,"[484816, 384816, 284816, 184816, 84816]"
951,300m,72,256,1,5,1.3787259128093718,"[484816, 384816, 284816, 184816, 84816]"
952,300m,72,256,1,5,1.3787259128093718,"[497476, 397476, 297476, 197476, 97476]"
953,300m,72,256,1,5,1.3787259128093718,"[425316, 325316, 225316, 125316, 25316]"
954,300m,72,256,1,5,1.3787259128093718,"[461969, 361969, 261969, 161969, 61969]"
955,300m,72,256,1,5,1.3787259128093718,"[435457, 335457, 235457, 135457, 35457]"
956,300m,72,256,1,5,1.3787259128093718,"[460676, 360676, 260676, 160676, 60676]"
957,300m,72,256,1,5,1.3787259128093718,"[484816, 384816, 284816, 184816, 84816]"
958,300m,72,256,1,5,1.3787259128093718,"[484816, 384816, 284816, 184816, 84816]"
959,300m,72,256,1,5,1.3787259128093718,"[484816, 384816, 284816, 184816, 84816]"
960,300m,72,256,1,5,1.3787259128093718,"[486852, 386852, 286852, 186852, 86852]"
961,300m,72,256,1,5,1.3787259128093718,"[447697, 347697, 247697, 147697, 47697]"
962,300m,72,256,1,5,1.3787259128093718,"[499080, 399080, 299080, 199080, 99080]"
963,300m,72,256,1,5,1.3787259128093718,"[496980, 396980, 296980, 196980, 96980]"
964,300m,72,256,1,5,1.3787259128093718,"[484816, 384816, 284816, 184816, 84816]"
965,300m,72,256,1,5,1.3787259128093718,"[484816, 384816, 284816, 184816, 84816]"
966,300m,72,256,1,5,1.3787259128093718,"[474939, 374939, 274939, 174939, 74939]"
967,300m,72,256,1,5,1.3787259128093718,"[484816, 384816, 284816, 184816, 84816]"
968,300m,72,256,1,5,1.3787259128093718,"[484816, 384816, 284816, 184816, 84816]"
969,300m,72,256,1,5,1.3787259128093718,"[447278, 347278, 247278, 147278, 47278]"
970,300m,72,256,1,5,1.3787259128093718,"[479273, 379273, 279273, 179273, 79273]"
971,300m,72,256,1,5,1.3787259128093718,"[484816, 384816, 284816, 184816, 84816]"
972,300m,72,256,1,5,1.3787259128093718,"[420709, 320709, 220709, 120709, 20709]"
973,300m,72,256,1,5,1.3787259128093718,"[405148, 305148, 205148, 105148, 5148]"
974,300m,72,256,1,5,1.3787259128093718,"[432466, 332466, 232466, 132466, 32466]"
975,300m,72,256,1,5,1.3787259128093718,"[491621, 391621, 291621, 191621, 91621]"
976,300m,72,256,1,5,1.3787259128093718,"[462285, 362285, 262285, 162285, 62285]"
977,300m,72,256,1,5,1.3787259128093718,"[462285, 362285, 262285, 162285, 62285]"
978,300m,72,256,1,5,1.3787259128093718,"[405448, 305448, 205448, 105448, 5448]"
979,300m,72,256,1,5,1.3787259128093718,"[430335, 330335, 230335, 130335, 30335]"
980,300m,72,256,1,5,1.3787259128093718,"[447697, 347697, 247697, 147697, 47697]"
981,300m,72,256,1,5,1.3787259128093718,"[465087, 365087, 265087, 165087, 65087]"
982,300m,72,256,1,5,1.3787259128093718,"[484816, 384816, 284816, 184816, 84816]"
983,300m,72,256,1,5,1.3787259128093718,"[430857, 330857, 230857, 130857, 30857]"
984,300m,72,256,1,5,1.3787259128093718,"[440976, 340976, 240976, 140976, 40976]"
985,300m,72,256,1,5,1.3787259128093718,"[432108, 332108, 232108, 132108, 32108]"
986,300m,72,256,1,5,1.3787259128093718,"[496233, 396233, 296233, 196233, 96233]"
987,300m,72,256,1,5,1.3787259128093718,"[462285, 362285, 262285, 162285, 62285]"
988,300m,72,256,1,5,1.3787259128093718,"[433368, 333368, 233368, 133368, 33368]"
989,300m,72,256,1,5,1.3787259128093718,"[405148, 305148, 205148, 105148, 5148]"
990,300m,72,256,1,5,1.3787259128093718,"[432932, 332932, 232932, 132932, 32932]"
991,300m,72,256,1,5,1.3787259128093718,"[461969, 361969, 261969, 161969, 61969]"
992,300m,72,256,1,5,1.3787259128093718,"[499080, 399080, 299080, 199080, 99080]"
993,300m,72,256,1,5,1.3787259128093718,"[484816, 384816, 284816, 184816, 84816]"
994,300m,72,256,1,5,1.3787259128093718,"[496980, 396980, 296980, 196980, 96980]"
995,300m,72,256,1,5,1.3787259128093718,"[442751, 342751, 242751, 142751, 42751]"
996,300m,72,256,1,5,1.3787259128093718,"[484816, 384816, 284816, 184816, 84816]"
997,300m,72,256,1,5,1.3787259128093718,"[406170, 306170, 206170, 106170, 6170]"
998,300m,72,256,1,5,1.3787259128093718,"[432466, 332466, 232466, 132466, 32466]"
999,300m,72,256,1,5,1.3787259128093718,"[439307, 339307, 239307, 139307, 39307]"
