query,index_size,threads,nprobe,batch_size,num_retrieved_docs,avg_query_time
0,300m,72,256,32,5,2.938233925819397
32,300m,72,256,32,5,2.938233925819397
64,300m,72,256,32,5,2.938233925819397
96,300m,72,256,32,5,2.938233925819397
128,300m,72,256,32,5,2.938233925819397
160,300m,72,256,32,5,2.938233925819397
192,300m,72,256,32,5,2.938233925819397
224,300m,72,256,32,5,2.938233925819397
256,300m,72,256,32,5,2.938233925819397
288,300m,72,256,32,5,2.938233925819397
320,300m,72,256,32,5,2.938233925819397
352,300m,72,256,32,5,2.938233925819397
384,300m,72,256,32,5,2.938233925819397
416,300m,72,256,32,5,2.938233925819397
448,300m,72,256,32,5,2.938233925819397
480,300m,72,256,32,5,2.938233925819397
512,300m,72,256,32,5,2.938233925819397
544,300m,72,256,32,5,2.938233925819397
576,300m,72,256,32,5,2.938233925819397
608,300m,72,256,32,5,2.938233925819397
640,300m,72,256,32,5,2.938233925819397
672,300m,72,256,32,5,2.938233925819397
704,300m,72,256,32,5,2.938233925819397
736,300m,72,256,32,5,2.938233925819397
768,300m,72,256,32,5,2.938233925819397
800,300m,72,256,32,5,2.938233925819397
832,300m,72,256,32,5,2.938233925819397
864,300m,72,256,32,5,2.938233925819397
896,300m,72,256,32,5,2.938233925819397
928,300m,72,256,32,5,2.938233925819397
960,300m,72,256,32,5,2.938233925819397
992,300m,72,256,32,5,2.938233925819397
1024,300m,72,256,32,5,2.938233925819397
1056,300m,72,256,32,5,2.938233925819397
1088,300m,72,256,32,5,2.938233925819397
1120,300m,72,256,32,5,2.938233925819397
1152,300m,72,256,32,5,2.938233925819397
1184,300m,72,256,32,5,2.938233925819397
1216,300m,72,256,32,5,2.938233925819397
1248,300m,72,256,32,5,2.938233925819397
1280,300m,72,256,32,5,2.938233925819397
1312,300m,72,256,32,5,2.938233925819397
1344,300m,72,256,32,5,2.938233925819397
1376,300m,72,256,32,5,2.938233925819397
1408,300m,72,256,32,5,2.938233925819397
1440,300m,72,256,32,5,2.938233925819397
1472,300m,72,256,32,5,2.938233925819397
1504,300m,72,256,32,5,2.938233925819397
1536,300m,72,256,32,5,2.938233925819397
1568,300m,72,256,32,5,2.938233925819397
1600,300m,72,256,32,5,2.938233925819397
1632,300m,72,256,32,5,2.938233925819397
1664,300m,72,256,32,5,2.938233925819397
1696,300m,72,256,32,5,2.938233925819397
1728,300m,72,256,32,5,2.938233925819397
1760,300m,72,256,32,5,2.938233925819397
1792,300m,72,256,32,5,2.938233925819397
1824,300m,72,256,32,5,2.938233925819397
1856,300m,72,256,32,5,2.938233925819397
1888,300m,72,256,32,5,2.938233925819397
1920,300m,72,256,32,5,2.938233925819397
1952,300m,72,256,32,5,2.938233925819397
1984,300m,72,256,32,5,2.938233925819397
2016,300m,72,256,32,5,2.938233925819397
2048,300m,72,256,32,5,2.938233925819397
2080,300m,72,256,32,5,2.938233925819397
2112,300m,72,256,32,5,2.938233925819397
2144,300m,72,256,32,5,2.938233925819397
2176,300m,72,256,32,5,2.938233925819397
2208,300m,72,256,32,5,2.938233925819397
2240,300m,72,256,32,5,2.938233925819397
2272,300m,72,256,32,5,2.938233925819397
2304,300m,72,256,32,5,2.938233925819397
2336,300m,72,256,32,5,2.938233925819397
2368,300m,72,256,32,5,2.938233925819397
2400,300m,72,256,32,5,2.938233925819397
2432,300m,72,256,32,5,2.938233925819397
2464,300m,72,256,32,5,2.938233925819397
2496,300m,72,256,32,5,2.938233925819397
2528,300m,72,256,32,5,2.938233925819397
2560,300m,72,256,32,5,2.938233925819397
2592,300m,72,256,32,5,2.938233925819397
2624,300m,72,256,32,5,2.938233925819397
2656,300m,72,256,32,5,2.938233925819397
2688,300m,72,256,32,5,2.938233925819397
2720,300m,72,256,32,5,2.938233925819397
2752,300m,72,256,32,5,2.938233925819397
2784,300m,72,256,32,5,2.938233925819397
2816,300m,72,256,32,5,2.938233925819397
2848,300m,72,256,32,5,2.938233925819397
2880,300m,72,256,32,5,2.938233925819397
2912,300m,72,256,32,5,2.938233925819397
2944,300m,72,256,32,5,2.938233925819397
2976,300m,72,256,32,5,2.938233925819397
3008,300m,72,256,32,5,2.938233925819397
3040,300m,72,256,32,5,2.938233925819397
3072,300m,72,256,32,5,2.938233925819397
3104,300m,72,256,32,5,2.938233925819397
3136,300m,72,256,32,5,2.938233925819397
3168,300m,72,256,32,5,2.938233925819397
3200,300m,72,256,32,5,2.938233925819397
3232,300m,72,256,32,5,2.938233925819397
3264,300m,72,256,32,5,2.938233925819397
3296,300m,72,256,32,5,2.938233925819397
3328,300m,72,256,32,5,2.938233925819397
3360,300m,72,256,32,5,2.938233925819397
3392,300m,72,256,32,5,2.938233925819397
3424,300m,72,256,32,5,2.938233925819397
3456,300m,72,256,32,5,2.938233925819397
3488,300m,72,256,32,5,2.938233925819397
3520,300m,72,256,32,5,2.938233925819397
3552,300m,72,256,32,5,2.938233925819397
3584,300m,72,256,32,5,2.938233925819397
3616,300m,72,256,32,5,2.938233925819397
3648,300m,72,256,32,5,2.938233925819397
3680,300m,72,256,32,5,2.938233925819397
3712,300m,72,256,32,5,2.938233925819397
3744,300m,72,256,32,5,2.938233925819397
3776,300m,72,256,32,5,2.938233925819397
3808,300m,72,256,32,5,2.938233925819397
3840,300m,72,256,32,5,2.938233925819397
3872,300m,72,256,32,5,2.938233925819397
3904,300m,72,256,32,5,2.938233925819397
3936,300m,72,256,32,5,2.938233925819397
3968,300m,72,256,32,5,2.938233925819397
4000,300m,72,256,32,5,2.938233925819397
4032,300m,72,256,32,5,2.938233925819397
4064,300m,72,256,32,5,2.938233925819397
4096,300m,72,256,32,5,2.938233925819397
4128,300m,72,256,32,5,2.938233925819397
4160,300m,72,256,32,5,2.938233925819397
4192,300m,72,256,32,5,2.938233925819397
4224,300m,72,256,32,5,2.938233925819397
4256,300m,72,256,32,5,2.938233925819397
4288,300m,72,256,32,5,2.938233925819397
4320,300m,72,256,32,5,2.938233925819397
4352,300m,72,256,32,5,2.938233925819397
4384,300m,72,256,32,5,2.938233925819397
4416,300m,72,256,32,5,2.938233925819397
4448,300m,72,256,32,5,2.938233925819397
4480,300m,72,256,32,5,2.938233925819397
4512,300m,72,256,32,5,2.938233925819397
4544,300m,72,256,32,5,2.938233925819397
4576,300m,72,256,32,5,2.938233925819397
4608,300m,72,256,32,5,2.938233925819397
4640,300m,72,256,32,5,2.938233925819397
4672,300m,72,256,32,5,2.938233925819397
4704,300m,72,256,32,5,2.938233925819397
4736,300m,72,256,32,5,2.938233925819397
4768,300m,72,256,32,5,2.938233925819397
4800,300m,72,256,32,5,2.938233925819397
4832,300m,72,256,32,5,2.938233925819397
4864,300m,72,256,32,5,2.938233925819397
4896,300m,72,256,32,5,2.938233925819397
4928,300m,72,256,32,5,2.938233925819397
4960,300m,72,256,32,5,2.938233925819397
4992,300m,72,256,32,5,2.938233925819397
5024,300m,72,256,32,5,2.938233925819397
5056,300m,72,256,32,5,2.938233925819397
5088,300m,72,256,32,5,2.938233925819397
5120,300m,72,256,32,5,2.938233925819397
5152,300m,72,256,32,5,2.938233925819397
5184,300m,72,256,32,5,2.938233925819397
5216,300m,72,256,32,5,2.938233925819397
5248,300m,72,256,32,5,2.938233925819397
5280,300m,72,256,32,5,2.938233925819397
5312,300m,72,256,32,5,2.938233925819397
5344,300m,72,256,32,5,2.938233925819397
5376,300m,72,256,32,5,2.938233925819397
5408,300m,72,256,32,5,2.938233925819397
5440,300m,72,256,32,5,2.938233925819397
5472,300m,72,256,32,5,2.938233925819397
5504,300m,72,256,32,5,2.938233925819397
5536,300m,72,256,32,5,2.938233925819397
5568,300m,72,256,32,5,2.938233925819397
5600,300m,72,256,32,5,2.938233925819397
5632,300m,72,256,32,5,2.938233925819397
5664,300m,72,256,32,5,2.938233925819397
5696,300m,72,256,32,5,2.938233925819397
5728,300m,72,256,32,5,2.938233925819397
5760,300m,72,256,32,5,2.938233925819397
5792,300m,72,256,32,5,2.938233925819397
5824,300m,72,256,32,5,2.938233925819397
5856,300m,72,256,32,5,2.938233925819397
5888,300m,72,256,32,5,2.938233925819397
5920,300m,72,256,32,5,2.938233925819397
5952,300m,72,256,32,5,2.938233925819397
5984,300m,72,256,32,5,2.938233925819397
6016,300m,72,256,32,5,2.938233925819397
6048,300m,72,256,32,5,2.938233925819397
6080,300m,72,256,32,5,2.938233925819397
6112,300m,72,256,32,5,2.938233925819397
6144,300m,72,256,32,5,2.938233925819397
6176,300m,72,256,32,5,2.938233925819397
6208,300m,72,256,32,5,2.938233925819397
6240,300m,72,256,32,5,2.938233925819397
6272,300m,72,256,32,5,2.938233925819397
6304,300m,72,256,32,5,2.938233925819397
6336,300m,72,256,32,5,2.938233925819397
6368,300m,72,256,32,5,2.938233925819397
6400,300m,72,256,32,5,2.938233925819397
6432,300m,72,256,32,5,2.938233925819397
6464,300m,72,256,32,5,2.938233925819397
6496,300m,72,256,32,5,2.938233925819397
6528,300m,72,256,32,5,2.938233925819397
6560,300m,72,256,32,5,2.938233925819397
6592,300m,72,256,32,5,2.938233925819397
6624,300m,72,256,32,5,2.938233925819397
6656,300m,72,256,32,5,2.938233925819397
6688,300m,72,256,32,5,2.938233925819397
6720,300m,72,256,32,5,2.938233925819397
6752,300m,72,256,32,5,2.938233925819397
6784,300m,72,256,32,5,2.938233925819397
6816,300m,72,256,32,5,2.938233925819397
6848,300m,72,256,32,5,2.938233925819397
6880,300m,72,256,32,5,2.938233925819397
6912,300m,72,256,32,5,2.938233925819397
6944,300m,72,256,32,5,2.938233925819397
6976,300m,72,256,32,5,2.938233925819397
7008,300m,72,256,32,5,2.938233925819397
7040,300m,72,256,32,5,2.938233925819397
7072,300m,72,256,32,5,2.938233925819397
7104,300m,72,256,32,5,2.938233925819397
7136,300m,72,256,32,5,2.938233925819397
7168,300m,72,256,32,5,2.938233925819397
7200,300m,72,256,32,5,2.938233925819397
7232,300m,72,256,32,5,2.938233925819397
7264,300m,72,256,32,5,2.938233925819397
7296,300m,72,256,32,5,2.938233925819397
7328,300m,72,256,32,5,2.938233925819397
7360,300m,72,256,32,5,2.938233925819397
7392,300m,72,256,32,5,2.938233925819397
7424,300m,72,256,32,5,2.938233925819397
7456,300m,72,256,32,5,2.938233925819397
7488,300m,72,256,32,5,2.938233925819397
7520,300m,72,256,32,5,2.938233925819397
7552,300m,72,256,32,5,2.938233925819397
7584,300m,72,256,32,5,2.938233925819397
7616,300m,72,256,32,5,2.938233925819397
7648,300m,72,256,32,5,2.938233925819397
7680,300m,72,256,32,5,2.938233925819397
7712,300m,72,256,32,5,2.938233925819397
7744,300m,72,256,32,5,2.938233925819397
7776,300m,72,256,32,5,2.938233925819397
7808,300m,72,256,32,5,2.938233925819397
7840,300m,72,256,32,5,2.938233925819397
7872,300m,72,256,32,5,2.938233925819397
7904,300m,72,256,32,5,2.938233925819397
7936,300m,72,256,32,5,2.938233925819397
7968,300m,72,256,32,5,2.938233925819397
8000,300m,72,256,32,5,2.938233925819397
8032,300m,72,256,32,5,2.938233925819397
8064,300m,72,256,32,5,2.938233925819397
8096,300m,72,256,32,5,2.938233925819397
8128,300m,72,256,32,5,2.938233925819397
8160,300m,72,256,32,5,2.938233925819397
8192,300m,72,256,32,5,2.938233925819397
8224,300m,72,256,32,5,2.938233925819397
8256,300m,72,256,32,5,2.938233925819397
8288,300m,72,256,32,5,2.938233925819397
8320,300m,72,256,32,5,2.938233925819397
8352,300m,72,256,32,5,2.938233925819397
8384,300m,72,256,32,5,2.938233925819397
8416,300m,72,256,32,5,2.938233925819397
8448,300m,72,256,32,5,2.938233925819397
8480,300m,72,256,32,5,2.938233925819397
8512,300m,72,256,32,5,2.938233925819397
8544,300m,72,256,32,5,2.938233925819397
8576,300m,72,256,32,5,2.938233925819397
8608,300m,72,256,32,5,2.938233925819397
8640,300m,72,256,32,5,2.938233925819397
8672,300m,72,256,32,5,2.938233925819397
8704,300m,72,256,32,5,2.938233925819397
8736,300m,72,256,32,5,2.938233925819397
8768,300m,72,256,32,5,2.938233925819397
8800,300m,72,256,32,5,2.938233925819397
8832,300m,72,256,32,5,2.938233925819397
8864,300m,72,256,32,5,2.938233925819397
8896,300m,72,256,32,5,2.938233925819397
8928,300m,72,256,32,5,2.938233925819397
8960,300m,72,256,32,5,2.938233925819397
8992,300m,72,256,32,5,2.938233925819397
9024,300m,72,256,32,5,2.938233925819397
9056,300m,72,256,32,5,2.938233925819397
9088,300m,72,256,32,5,2.938233925819397
9120,300m,72,256,32,5,2.938233925819397
9152,300m,72,256,32,5,2.938233925819397
9184,300m,72,256,32,5,2.938233925819397
9216,300m,72,256,32,5,2.938233925819397
9248,300m,72,256,32,5,2.938233925819397
9280,300m,72,256,32,5,2.938233925819397
9312,300m,72,256,32,5,2.938233925819397
9344,300m,72,256,32,5,2.938233925819397
9376,300m,72,256,32,5,2.938233925819397
9408,300m,72,256,32,5,2.938233925819397
9440,300m,72,256,32,5,2.938233925819397
9472,300m,72,256,32,5,2.938233925819397
9504,300m,72,256,32,5,2.938233925819397
9536,300m,72,256,32,5,2.938233925819397
9568,300m,72,256,32,5,2.938233925819397
9600,300m,72,256,32,5,2.938233925819397
9632,300m,72,256,32,5,2.938233925819397
9664,300m,72,256,32,5,2.938233925819397
9696,300m,72,256,32,5,2.938233925819397
9728,300m,72,256,32,5,2.938233925819397
9760,300m,72,256,32,5,2.938233925819397
9792,300m,72,256,32,5,2.938233925819397
9824,300m,72,256,32,5,2.938233925819397
9856,300m,72,256,32,5,2.938233925819397
9888,300m,72,256,32,5,2.938233925819397
9920,300m,72,256,32,5,2.938233925819397
9952,300m,72,256,32,5,2.938233925819397
9984,300m,72,256,32,5,2.938233925819397
10016,300m,72,256,32,5,2.938233925819397
10048,300m,72,256,32,5,2.938233925819397
10080,300m,72,256,32,5,2.938233925819397
10112,300m,72,256,32,5,2.938233925819397
10144,300m,72,256,32,5,2.938233925819397
10176,300m,72,256,32,5,2.938233925819397
10208,300m,72,256,32,5,2.938233925819397
10240,300m,72,256,32,5,2.938233925819397
10272,300m,72,256,32,5,2.938233925819397
10304,300m,72,256,32,5,2.938233925819397
10336,300m,72,256,32,5,2.938233925819397
10368,300m,72,256,32,5,2.938233925819397
10400,300m,72,256,32,5,2.938233925819397
10432,300m,72,256,32,5,2.938233925819397
10464,300m,72,256,32,5,2.938233925819397
10496,300m,72,256,32,5,2.938233925819397
10528,300m,72,256,32,5,2.938233925819397
10560,300m,72,256,32,5,2.938233925819397
10592,300m,72,256,32,5,2.938233925819397
10624,300m,72,256,32,5,2.938233925819397
10656,300m,72,256,32,5,2.938233925819397
10688,300m,72,256,32,5,2.938233925819397
10720,300m,72,256,32,5,2.938233925819397
10752,300m,72,256,32,5,2.938233925819397
10784,300m,72,256,32,5,2.938233925819397
10816,300m,72,256,32,5,2.938233925819397
10848,300m,72,256,32,5,2.938233925819397
10880,300m,72,256,32,5,2.938233925819397
10912,300m,72,256,32,5,2.938233925819397
10944,300m,72,256,32,5,2.938233925819397
10976,300m,72,256,32,5,2.938233925819397
11008,300m,72,256,32,5,2.938233925819397
11040,300m,72,256,32,5,2.938233925819397
11072,300m,72,256,32,5,2.938233925819397
11104,300m,72,256,32,5,2.938233925819397
11136,300m,72,256,32,5,2.938233925819397
11168,300m,72,256,32,5,2.938233925819397
11200,300m,72,256,32,5,2.938233925819397
11232,300m,72,256,32,5,2.938233925819397
11264,300m,72,256,32,5,2.938233925819397
11296,300m,72,256,32,5,2.938233925819397
11328,300m,72,256,32,5,2.938233925819397
11360,300m,72,256,32,5,2.938233925819397
11392,300m,72,256,32,5,2.938233925819397
11424,300m,72,256,32,5,2.938233925819397
11456,300m,72,256,32,5,2.938233925819397
11488,300m,72,256,32,5,2.938233925819397
11520,300m,72,256,32,5,2.938233925819397
11552,300m,72,256,32,5,2.938233925819397
11584,300m,72,256,32,5,2.938233925819397
11616,300m,72,256,32,5,2.938233925819397
11648,300m,72,256,32,5,2.938233925819397
11680,300m,72,256,32,5,2.938233925819397
11712,300m,72,256,32,5,2.938233925819397
11744,300m,72,256,32,5,2.938233925819397
11776,300m,72,256,32,5,2.938233925819397
11808,300m,72,256,32,5,2.938233925819397
11840,300m,72,256,32,5,2.938233925819397
11872,300m,72,256,32,5,2.938233925819397
11904,300m,72,256,32,5,2.938233925819397
11936,300m,72,256,32,5,2.938233925819397
11968,300m,72,256,32,5,2.938233925819397
12000,300m,72,256,32,5,2.938233925819397
12032,300m,72,256,32,5,2.938233925819397
12064,300m,72,256,32,5,2.938233925819397
12096,300m,72,256,32,5,2.938233925819397
12128,300m,72,256,32,5,2.938233925819397
12160,300m,72,256,32,5,2.938233925819397
12192,300m,72,256,32,5,2.938233925819397
12224,300m,72,256,32,5,2.938233925819397
12256,300m,72,256,32,5,2.938233925819397
12288,300m,72,256,32,5,2.938233925819397
12320,300m,72,256,32,5,2.938233925819397
12352,300m,72,256,32,5,2.938233925819397
12384,300m,72,256,32,5,2.938233925819397
12416,300m,72,256,32,5,2.938233925819397
12448,300m,72,256,32,5,2.938233925819397
12480,300m,72,256,32,5,2.938233925819397
12512,300m,72,256,32,5,2.938233925819397
12544,300m,72,256,32,5,2.938233925819397
12576,300m,72,256,32,5,2.938233925819397
12608,300m,72,256,32,5,2.938233925819397
12640,300m,72,256,32,5,2.938233925819397
12672,300m,72,256,32,5,2.938233925819397
12704,300m,72,256,32,5,2.938233925819397
12736,300m,72,256,32,5,2.938233925819397
12768,300m,72,256,32,5,2.938233925819397
12800,300m,72,256,32,5,2.938233925819397
12832,300m,72,256,32,5,2.938233925819397
12864,300m,72,256,32,5,2.938233925819397
12896,300m,72,256,32,5,2.938233925819397
12928,300m,72,256,32,5,2.938233925819397
12960,300m,72,256,32,5,2.938233925819397
12992,300m,72,256,32,5,2.938233925819397
13024,300m,72,256,32,5,2.938233925819397
13056,300m,72,256,32,5,2.938233925819397
13088,300m,72,256,32,5,2.938233925819397
13120,300m,72,256,32,5,2.938233925819397
13152,300m,72,256,32,5,2.938233925819397
13184,300m,72,256,32,5,2.938233925819397
13216,300m,72,256,32,5,2.938233925819397
13248,300m,72,256,32,5,2.938233925819397
13280,300m,72,256,32,5,2.938233925819397
13312,300m,72,256,32,5,2.938233925819397
13344,300m,72,256,32,5,2.938233925819397
13376,300m,72,256,32,5,2.938233925819397
13408,300m,72,256,32,5,2.938233925819397
13440,300m,72,256,32,5,2.938233925819397
13472,300m,72,256,32,5,2.938233925819397
13504,300m,72,256,32,5,2.938233925819397
13536,300m,72,256,32,5,2.938233925819397
13568,300m,72,256,32,5,2.938233925819397
13600,300m,72,256,32,5,2.938233925819397
13632,300m,72,256,32,5,2.938233925819397
13664,300m,72,256,32,5,2.938233925819397
13696,300m,72,256,32,5,2.938233925819397
13728,300m,72,256,32,5,2.938233925819397
13760,300m,72,256,32,5,2.938233925819397
13792,300m,72,256,32,5,2.938233925819397
13824,300m,72,256,32,5,2.938233925819397
13856,300m,72,256,32,5,2.938233925819397
13888,300m,72,256,32,5,2.938233925819397
13920,300m,72,256,32,5,2.938233925819397
13952,300m,72,256,32,5,2.938233925819397
13984,300m,72,256,32,5,2.938233925819397
14016,300m,72,256,32,5,2.938233925819397
14048,300m,72,256,32,5,2.938233925819397
14080,300m,72,256,32,5,2.938233925819397
14112,300m,72,256,32,5,2.938233925819397
14144,300m,72,256,32,5,2.938233925819397
14176,300m,72,256,32,5,2.938233925819397
14208,300m,72,256,32,5,2.938233925819397
14240,300m,72,256,32,5,2.938233925819397
14272,300m,72,256,32,5,2.938233925819397
14304,300m,72,256,32,5,2.938233925819397
14336,300m,72,256,32,5,2.938233925819397
14368,300m,72,256,32,5,2.938233925819397
14400,300m,72,256,32,5,2.938233925819397
14432,300m,72,256,32,5,2.938233925819397
14464,300m,72,256,32,5,2.938233925819397
14496,300m,72,256,32,5,2.938233925819397
14528,300m,72,256,32,5,2.938233925819397
14560,300m,72,256,32,5,2.938233925819397
14592,300m,72,256,32,5,2.938233925819397
14624,300m,72,256,32,5,2.938233925819397
14656,300m,72,256,32,5,2.938233925819397
14688,300m,72,256,32,5,2.938233925819397
14720,300m,72,256,32,5,2.938233925819397
14752,300m,72,256,32,5,2.938233925819397
14784,300m,72,256,32,5,2.938233925819397
14816,300m,72,256,32,5,2.938233925819397
14848,300m,72,256,32,5,2.938233925819397
14880,300m,72,256,32,5,2.938233925819397
14912,300m,72,256,32,5,2.938233925819397
14944,300m,72,256,32,5,2.938233925819397
14976,300m,72,256,32,5,2.938233925819397
15008,300m,72,256,32,5,2.938233925819397
15040,300m,72,256,32,5,2.938233925819397
15072,300m,72,256,32,5,2.938233925819397
15104,300m,72,256,32,5,2.938233925819397
15136,300m,72,256,32,5,2.938233925819397
15168,300m,72,256,32,5,2.938233925819397
15200,300m,72,256,32,5,2.938233925819397
15232,300m,72,256,32,5,2.938233925819397
15264,300m,72,256,32,5,2.938233925819397
15296,300m,72,256,32,5,2.938233925819397
15328,300m,72,256,32,5,2.938233925819397
15360,300m,72,256,32,5,2.938233925819397
15392,300m,72,256,32,5,2.938233925819397
15424,300m,72,256,32,5,2.938233925819397
15456,300m,72,256,32,5,2.938233925819397
15488,300m,72,256,32,5,2.938233925819397
15520,300m,72,256,32,5,2.938233925819397
15552,300m,72,256,32,5,2.938233925819397
15584,300m,72,256,32,5,2.938233925819397
15616,300m,72,256,32,5,2.938233925819397
15648,300m,72,256,32,5,2.938233925819397
15680,300m,72,256,32,5,2.938233925819397
15712,300m,72,256,32,5,2.938233925819397
15744,300m,72,256,32,5,2.938233925819397
15776,300m,72,256,32,5,2.938233925819397
15808,300m,72,256,32,5,2.938233925819397
15840,300m,72,256,32,5,2.938233925819397
15872,300m,72,256,32,5,2.938233925819397
15904,300m,72,256,32,5,2.938233925819397
15936,300m,72,256,32,5,2.938233925819397
15968,300m,72,256,32,5,2.938233925819397
16000,300m,72,256,32,5,2.938233925819397
16032,300m,72,256,32,5,2.938233925819397
16064,300m,72,256,32,5,2.938233925819397
16096,300m,72,256,32,5,2.938233925819397
16128,300m,72,256,32,5,2.938233925819397
16160,300m,72,256,32,5,2.938233925819397
16192,300m,72,256,32,5,2.938233925819397
16224,300m,72,256,32,5,2.938233925819397
16256,300m,72,256,32,5,2.938233925819397
16288,300m,72,256,32,5,2.938233925819397
16320,300m,72,256,32,5,2.938233925819397
16352,300m,72,256,32,5,2.938233925819397
16384,300m,72,256,32,5,2.938233925819397
16416,300m,72,256,32,5,2.938233925819397
16448,300m,72,256,32,5,2.938233925819397
16480,300m,72,256,32,5,2.938233925819397
16512,300m,72,256,32,5,2.938233925819397
16544,300m,72,256,32,5,2.938233925819397
16576,300m,72,256,32,5,2.938233925819397
16608,300m,72,256,32,5,2.938233925819397
16640,300m,72,256,32,5,2.938233925819397
16672,300m,72,256,32,5,2.938233925819397
16704,300m,72,256,32,5,2.938233925819397
16736,300m,72,256,32,5,2.938233925819397
16768,300m,72,256,32,5,2.938233925819397
16800,300m,72,256,32,5,2.938233925819397
16832,300m,72,256,32,5,2.938233925819397
16864,300m,72,256,32,5,2.938233925819397
16896,300m,72,256,32,5,2.938233925819397
16928,300m,72,256,32,5,2.938233925819397
16960,300m,72,256,32,5,2.938233925819397
16992,300m,72,256,32,5,2.938233925819397
17024,300m,72,256,32,5,2.938233925819397
17056,300m,72,256,32,5,2.938233925819397
17088,300m,72,256,32,5,2.938233925819397
17120,300m,72,256,32,5,2.938233925819397
17152,300m,72,256,32,5,2.938233925819397
17184,300m,72,256,32,5,2.938233925819397
17216,300m,72,256,32,5,2.938233925819397
17248,300m,72,256,32,5,2.938233925819397
17280,300m,72,256,32,5,2.938233925819397
17312,300m,72,256,32,5,2.938233925819397
17344,300m,72,256,32,5,2.938233925819397
17376,300m,72,256,32,5,2.938233925819397
17408,300m,72,256,32,5,2.938233925819397
17440,300m,72,256,32,5,2.938233925819397
17472,300m,72,256,32,5,2.938233925819397
17504,300m,72,256,32,5,2.938233925819397
17536,300m,72,256,32,5,2.938233925819397
17568,300m,72,256,32,5,2.938233925819397
17600,300m,72,256,32,5,2.938233925819397
17632,300m,72,256,32,5,2.938233925819397
17664,300m,72,256,32,5,2.938233925819397
17696,300m,72,256,32,5,2.938233925819397
17728,300m,72,256,32,5,2.938233925819397
17760,300m,72,256,32,5,2.938233925819397
17792,300m,72,256,32,5,2.938233925819397
17824,300m,72,256,32,5,2.938233925819397
17856,300m,72,256,32,5,2.938233925819397
17888,300m,72,256,32,5,2.938233925819397
17920,300m,72,256,32,5,2.938233925819397
17952,300m,72,256,32,5,2.938233925819397
17984,300m,72,256,32,5,2.938233925819397
18016,300m,72,256,32,5,2.938233925819397
18048,300m,72,256,32,5,2.938233925819397
18080,300m,72,256,32,5,2.938233925819397
18112,300m,72,256,32,5,2.938233925819397
18144,300m,72,256,32,5,2.938233925819397
18176,300m,72,256,32,5,2.938233925819397
18208,300m,72,256,32,5,2.938233925819397
18240,300m,72,256,32,5,2.938233925819397
18272,300m,72,256,32,5,2.938233925819397
18304,300m,72,256,32,5,2.938233925819397
18336,300m,72,256,32,5,2.938233925819397
18368,300m,72,256,32,5,2.938233925819397
18400,300m,72,256,32,5,2.938233925819397
18432,300m,72,256,32,5,2.938233925819397
18464,300m,72,256,32,5,2.938233925819397
18496,300m,72,256,32,5,2.938233925819397
18528,300m,72,256,32,5,2.938233925819397
18560,300m,72,256,32,5,2.938233925819397
18592,300m,72,256,32,5,2.938233925819397
18624,300m,72,256,32,5,2.938233925819397
18656,300m,72,256,32,5,2.938233925819397
18688,300m,72,256,32,5,2.938233925819397
18720,300m,72,256,32,5,2.938233925819397
18752,300m,72,256,32,5,2.938233925819397
18784,300m,72,256,32,5,2.938233925819397
18816,300m,72,256,32,5,2.938233925819397
18848,300m,72,256,32,5,2.938233925819397
18880,300m,72,256,32,5,2.938233925819397
18912,300m,72,256,32,5,2.938233925819397
18944,300m,72,256,32,5,2.938233925819397
18976,300m,72,256,32,5,2.938233925819397
19008,300m,72,256,32,5,2.938233925819397
19040,300m,72,256,32,5,2.938233925819397
19072,300m,72,256,32,5,2.938233925819397
19104,300m,72,256,32,5,2.938233925819397
19136,300m,72,256,32,5,2.938233925819397
19168,300m,72,256,32,5,2.938233925819397
19200,300m,72,256,32,5,2.938233925819397
19232,300m,72,256,32,5,2.938233925819397
19264,300m,72,256,32,5,2.938233925819397
19296,300m,72,256,32,5,2.938233925819397
19328,300m,72,256,32,5,2.938233925819397
19360,300m,72,256,32,5,2.938233925819397
19392,300m,72,256,32,5,2.938233925819397
19424,300m,72,256,32,5,2.938233925819397
19456,300m,72,256,32,5,2.938233925819397
19488,300m,72,256,32,5,2.938233925819397
19520,300m,72,256,32,5,2.938233925819397
19552,300m,72,256,32,5,2.938233925819397
19584,300m,72,256,32,5,2.938233925819397
19616,300m,72,256,32,5,2.938233925819397
19648,300m,72,256,32,5,2.938233925819397
19680,300m,72,256,32,5,2.938233925819397
19712,300m,72,256,32,5,2.938233925819397
19744,300m,72,256,32,5,2.938233925819397
19776,300m,72,256,32,5,2.938233925819397
19808,300m,72,256,32,5,2.938233925819397
19840,300m,72,256,32,5,2.938233925819397
19872,300m,72,256,32,5,2.938233925819397
19904,300m,72,256,32,5,2.938233925819397
19936,300m,72,256,32,5,2.938233925819397
19968,300m,72,256,32,5,2.938233925819397
20000,300m,72,256,32,5,2.938233925819397
20032,300m,72,256,32,5,2.938233925819397
20064,300m,72,256,32,5,2.938233925819397
20096,300m,72,256,32,5,2.938233925819397
20128,300m,72,256,32,5,2.938233925819397
20160,300m,72,256,32,5,2.938233925819397
20192,300m,72,256,32,5,2.938233925819397
20224,300m,72,256,32,5,2.938233925819397
20256,300m,72,256,32,5,2.938233925819397
20288,300m,72,256,32,5,2.938233925819397
20320,300m,72,256,32,5,2.938233925819397
20352,300m,72,256,32,5,2.938233925819397
20384,300m,72,256,32,5,2.938233925819397
20416,300m,72,256,32,5,2.938233925819397
20448,300m,72,256,32,5,2.938233925819397
20480,300m,72,256,32,5,2.938233925819397
20512,300m,72,256,32,5,2.938233925819397
20544,300m,72,256,32,5,2.938233925819397
20576,300m,72,256,32,5,2.938233925819397
20608,300m,72,256,32,5,2.938233925819397
20640,300m,72,256,32,5,2.938233925819397
20672,300m,72,256,32,5,2.938233925819397
20704,300m,72,256,32,5,2.938233925819397
20736,300m,72,256,32,5,2.938233925819397
20768,300m,72,256,32,5,2.938233925819397
20800,300m,72,256,32,5,2.938233925819397
20832,300m,72,256,32,5,2.938233925819397
20864,300m,72,256,32,5,2.938233925819397
20896,300m,72,256,32,5,2.938233925819397
20928,300m,72,256,32,5,2.938233925819397
20960,300m,72,256,32,5,2.938233925819397
20992,300m,72,256,32,5,2.938233925819397
21024,300m,72,256,32,5,2.938233925819397
21056,300m,72,256,32,5,2.938233925819397
21088,300m,72,256,32,5,2.938233925819397
21120,300m,72,256,32,5,2.938233925819397
21152,300m,72,256,32,5,2.938233925819397
21184,300m,72,256,32,5,2.938233925819397
21216,300m,72,256,32,5,2.938233925819397
21248,300m,72,256,32,5,2.938233925819397
21280,300m,72,256,32,5,2.938233925819397
21312,300m,72,256,32,5,2.938233925819397
21344,300m,72,256,32,5,2.938233925819397
21376,300m,72,256,32,5,2.938233925819397
21408,300m,72,256,32,5,2.938233925819397
21440,300m,72,256,32,5,2.938233925819397
21472,300m,72,256,32,5,2.938233925819397
21504,300m,72,256,32,5,2.938233925819397
21536,300m,72,256,32,5,2.938233925819397
21568,300m,72,256,32,5,2.938233925819397
21600,300m,72,256,32,5,2.938233925819397
21632,300m,72,256,32,5,2.938233925819397
21664,300m,72,256,32,5,2.938233925819397
21696,300m,72,256,32,5,2.938233925819397
21728,300m,72,256,32,5,2.938233925819397
21760,300m,72,256,32,5,2.938233925819397
21792,300m,72,256,32,5,2.938233925819397
21824,300m,72,256,32,5,2.938233925819397
21856,300m,72,256,32,5,2.938233925819397
21888,300m,72,256,32,5,2.938233925819397
21920,300m,72,256,32,5,2.938233925819397
21952,300m,72,256,32,5,2.938233925819397
21984,300m,72,256,32,5,2.938233925819397
22016,300m,72,256,32,5,2.938233925819397
22048,300m,72,256,32,5,2.938233925819397
22080,300m,72,256,32,5,2.938233925819397
22112,300m,72,256,32,5,2.938233925819397
22144,300m,72,256,32,5,2.938233925819397
22176,300m,72,256,32,5,2.938233925819397
22208,300m,72,256,32,5,2.938233925819397
22240,300m,72,256,32,5,2.938233925819397
22272,300m,72,256,32,5,2.938233925819397
22304,300m,72,256,32,5,2.938233925819397
22336,300m,72,256,32,5,2.938233925819397
22368,300m,72,256,32,5,2.938233925819397
22400,300m,72,256,32,5,2.938233925819397
22432,300m,72,256,32,5,2.938233925819397
22464,300m,72,256,32,5,2.938233925819397
22496,300m,72,256,32,5,2.938233925819397
22528,300m,72,256,32,5,2.938233925819397
22560,300m,72,256,32,5,2.938233925819397
22592,300m,72,256,32,5,2.938233925819397
22624,300m,72,256,32,5,2.938233925819397
22656,300m,72,256,32,5,2.938233925819397
22688,300m,72,256,32,5,2.938233925819397
22720,300m,72,256,32,5,2.938233925819397
22752,300m,72,256,32,5,2.938233925819397
22784,300m,72,256,32,5,2.938233925819397
22816,300m,72,256,32,5,2.938233925819397
22848,300m,72,256,32,5,2.938233925819397
22880,300m,72,256,32,5,2.938233925819397
22912,300m,72,256,32,5,2.938233925819397
22944,300m,72,256,32,5,2.938233925819397
22976,300m,72,256,32,5,2.938233925819397
23008,300m,72,256,32,5,2.938233925819397
23040,300m,72,256,32,5,2.938233925819397
23072,300m,72,256,32,5,2.938233925819397
23104,300m,72,256,32,5,2.938233925819397
23136,300m,72,256,32,5,2.938233925819397
23168,300m,72,256,32,5,2.938233925819397
23200,300m,72,256,32,5,2.938233925819397
23232,300m,72,256,32,5,2.938233925819397
23264,300m,72,256,32,5,2.938233925819397
23296,300m,72,256,32,5,2.938233925819397
23328,300m,72,256,32,5,2.938233925819397
23360,300m,72,256,32,5,2.938233925819397
23392,300m,72,256,32,5,2.938233925819397
23424,300m,72,256,32,5,2.938233925819397
23456,300m,72,256,32,5,2.938233925819397
23488,300m,72,256,32,5,2.938233925819397
23520,300m,72,256,32,5,2.938233925819397
23552,300m,72,256,32,5,2.938233925819397
23584,300m,72,256,32,5,2.938233925819397
23616,300m,72,256,32,5,2.938233925819397
23648,300m,72,256,32,5,2.938233925819397
23680,300m,72,256,32,5,2.938233925819397
23712,300m,72,256,32,5,2.938233925819397
23744,300m,72,256,32,5,2.938233925819397
23776,300m,72,256,32,5,2.938233925819397
23808,300m,72,256,32,5,2.938233925819397
23840,300m,72,256,32,5,2.938233925819397
23872,300m,72,256,32,5,2.938233925819397
23904,300m,72,256,32,5,2.938233925819397
23936,300m,72,256,32,5,2.938233925819397
23968,300m,72,256,32,5,2.938233925819397
24000,300m,72,256,32,5,2.938233925819397
24032,300m,72,256,32,5,2.938233925819397
24064,300m,72,256,32,5,2.938233925819397
24096,300m,72,256,32,5,2.938233925819397
24128,300m,72,256,32,5,2.938233925819397
24160,300m,72,256,32,5,2.938233925819397
24192,300m,72,256,32,5,2.938233925819397
24224,300m,72,256,32,5,2.938233925819397
24256,300m,72,256,32,5,2.938233925819397
24288,300m,72,256,32,5,2.938233925819397
24320,300m,72,256,32,5,2.938233925819397
24352,300m,72,256,32,5,2.938233925819397
24384,300m,72,256,32,5,2.938233925819397
24416,300m,72,256,32,5,2.938233925819397
24448,300m,72,256,32,5,2.938233925819397
24480,300m,72,256,32,5,2.938233925819397
24512,300m,72,256,32,5,2.938233925819397
24544,300m,72,256,32,5,2.938233925819397
24576,300m,72,256,32,5,2.938233925819397
24608,300m,72,256,32,5,2.938233925819397
24640,300m,72,256,32,5,2.938233925819397
24672,300m,72,256,32,5,2.938233925819397
24704,300m,72,256,32,5,2.938233925819397
24736,300m,72,256,32,5,2.938233925819397
24768,300m,72,256,32,5,2.938233925819397
24800,300m,72,256,32,5,2.938233925819397
24832,300m,72,256,32,5,2.938233925819397
24864,300m,72,256,32,5,2.938233925819397
24896,300m,72,256,32,5,2.938233925819397
24928,300m,72,256,32,5,2.938233925819397
24960,300m,72,256,32,5,2.938233925819397
24992,300m,72,256,32,5,2.938233925819397
25024,300m,72,256,32,5,2.938233925819397
25056,300m,72,256,32,5,2.938233925819397
25088,300m,72,256,32,5,2.938233925819397
25120,300m,72,256,32,5,2.938233925819397
25152,300m,72,256,32,5,2.938233925819397
25184,300m,72,256,32,5,2.938233925819397
25216,300m,72,256,32,5,2.938233925819397
25248,300m,72,256,32,5,2.938233925819397
25280,300m,72,256,32,5,2.938233925819397
25312,300m,72,256,32,5,2.938233925819397
25344,300m,72,256,32,5,2.938233925819397
25376,300m,72,256,32,5,2.938233925819397
25408,300m,72,256,32,5,2.938233925819397
25440,300m,72,256,32,5,2.938233925819397
25472,300m,72,256,32,5,2.938233925819397
25504,300m,72,256,32,5,2.938233925819397
25536,300m,72,256,32,5,2.938233925819397
25568,300m,72,256,32,5,2.938233925819397
25600,300m,72,256,32,5,2.938233925819397
25632,300m,72,256,32,5,2.938233925819397
25664,300m,72,256,32,5,2.938233925819397
25696,300m,72,256,32,5,2.938233925819397
25728,300m,72,256,32,5,2.938233925819397
25760,300m,72,256,32,5,2.938233925819397
25792,300m,72,256,32,5,2.938233925819397
25824,300m,72,256,32,5,2.938233925819397
25856,300m,72,256,32,5,2.938233925819397
25888,300m,72,256,32,5,2.938233925819397
25920,300m,72,256,32,5,2.938233925819397
25952,300m,72,256,32,5,2.938233925819397
25984,300m,72,256,32,5,2.938233925819397
26016,300m,72,256,32,5,2.938233925819397
26048,300m,72,256,32,5,2.938233925819397
26080,300m,72,256,32,5,2.938233925819397
26112,300m,72,256,32,5,2.938233925819397
26144,300m,72,256,32,5,2.938233925819397
26176,300m,72,256,32,5,2.938233925819397
26208,300m,72,256,32,5,2.938233925819397
26240,300m,72,256,32,5,2.938233925819397
26272,300m,72,256,32,5,2.938233925819397
26304,300m,72,256,32,5,2.938233925819397
26336,300m,72,256,32,5,2.938233925819397
26368,300m,72,256,32,5,2.938233925819397
26400,300m,72,256,32,5,2.938233925819397
26432,300m,72,256,32,5,2.938233925819397
26464,300m,72,256,32,5,2.938233925819397
26496,300m,72,256,32,5,2.938233925819397
26528,300m,72,256,32,5,2.938233925819397
26560,300m,72,256,32,5,2.938233925819397
26592,300m,72,256,32,5,2.938233925819397
26624,300m,72,256,32,5,2.938233925819397
26656,300m,72,256,32,5,2.938233925819397
26688,300m,72,256,32,5,2.938233925819397
26720,300m,72,256,32,5,2.938233925819397
26752,300m,72,256,32,5,2.938233925819397
26784,300m,72,256,32,5,2.938233925819397
26816,300m,72,256,32,5,2.938233925819397
26848,300m,72,256,32,5,2.938233925819397
26880,300m,72,256,32,5,2.938233925819397
26912,300m,72,256,32,5,2.938233925819397
26944,300m,72,256,32,5,2.938233925819397
26976,300m,72,256,32,5,2.938233925819397
27008,300m,72,256,32,5,2.938233925819397
27040,300m,72,256,32,5,2.938233925819397
27072,300m,72,256,32,5,2.938233925819397
27104,300m,72,256,32,5,2.938233925819397
27136,300m,72,256,32,5,2.938233925819397
27168,300m,72,256,32,5,2.938233925819397
27200,300m,72,256,32,5,2.938233925819397
27232,300m,72,256,32,5,2.938233925819397
27264,300m,72,256,32,5,2.938233925819397
27296,300m,72,256,32,5,2.938233925819397
27328,300m,72,256,32,5,2.938233925819397
27360,300m,72,256,32,5,2.938233925819397
27392,300m,72,256,32,5,2.938233925819397
27424,300m,72,256,32,5,2.938233925819397
27456,300m,72,256,32,5,2.938233925819397
27488,300m,72,256,32,5,2.938233925819397
27520,300m,72,256,32,5,2.938233925819397
27552,300m,72,256,32,5,2.938233925819397
27584,300m,72,256,32,5,2.938233925819397
27616,300m,72,256,32,5,2.938233925819397
27648,300m,72,256,32,5,2.938233925819397
27680,300m,72,256,32,5,2.938233925819397
27712,300m,72,256,32,5,2.938233925819397
27744,300m,72,256,32,5,2.938233925819397
27776,300m,72,256,32,5,2.938233925819397
27808,300m,72,256,32,5,2.938233925819397
27840,300m,72,256,32,5,2.938233925819397
27872,300m,72,256,32,5,2.938233925819397
27904,300m,72,256,32,5,2.938233925819397
27936,300m,72,256,32,5,2.938233925819397
27968,300m,72,256,32,5,2.938233925819397
28000,300m,72,256,32,5,2.938233925819397
28032,300m,72,256,32,5,2.938233925819397
28064,300m,72,256,32,5,2.938233925819397
28096,300m,72,256,32,5,2.938233925819397
28128,300m,72,256,32,5,2.938233925819397
28160,300m,72,256,32,5,2.938233925819397
28192,300m,72,256,32,5,2.938233925819397
28224,300m,72,256,32,5,2.938233925819397
28256,300m,72,256,32,5,2.938233925819397
28288,300m,72,256,32,5,2.938233925819397
28320,300m,72,256,32,5,2.938233925819397
28352,300m,72,256,32,5,2.938233925819397
28384,300m,72,256,32,5,2.938233925819397
28416,300m,72,256,32,5,2.938233925819397
28448,300m,72,256,32,5,2.938233925819397
28480,300m,72,256,32,5,2.938233925819397
28512,300m,72,256,32,5,2.938233925819397
28544,300m,72,256,32,5,2.938233925819397
28576,300m,72,256,32,5,2.938233925819397
28608,300m,72,256,32,5,2.938233925819397
28640,300m,72,256,32,5,2.938233925819397
28672,300m,72,256,32,5,2.938233925819397
28704,300m,72,256,32,5,2.938233925819397
28736,300m,72,256,32,5,2.938233925819397
28768,300m,72,256,32,5,2.938233925819397
28800,300m,72,256,32,5,2.938233925819397
28832,300m,72,256,32,5,2.938233925819397
28864,300m,72,256,32,5,2.938233925819397
28896,300m,72,256,32,5,2.938233925819397
28928,300m,72,256,32,5,2.938233925819397
28960,300m,72,256,32,5,2.938233925819397
28992,300m,72,256,32,5,2.938233925819397
29024,300m,72,256,32,5,2.938233925819397
29056,300m,72,256,32,5,2.938233925819397
29088,300m,72,256,32,5,2.938233925819397
29120,300m,72,256,32,5,2.938233925819397
29152,300m,72,256,32,5,2.938233925819397
29184,300m,72,256,32,5,2.938233925819397
29216,300m,72,256,32,5,2.938233925819397
29248,300m,72,256,32,5,2.938233925819397
29280,300m,72,256,32,5,2.938233925819397
29312,300m,72,256,32,5,2.938233925819397
29344,300m,72,256,32,5,2.938233925819397
29376,300m,72,256,32,5,2.938233925819397
29408,300m,72,256,32,5,2.938233925819397
29440,300m,72,256,32,5,2.938233925819397
29472,300m,72,256,32,5,2.938233925819397
29504,300m,72,256,32,5,2.938233925819397
29536,300m,72,256,32,5,2.938233925819397
29568,300m,72,256,32,5,2.938233925819397
29600,300m,72,256,32,5,2.938233925819397
29632,300m,72,256,32,5,2.938233925819397
29664,300m,72,256,32,5,2.938233925819397
29696,300m,72,256,32,5,2.938233925819397
29728,300m,72,256,32,5,2.938233925819397
29760,300m,72,256,32,5,2.938233925819397
29792,300m,72,256,32,5,2.938233925819397
29824,300m,72,256,32,5,2.938233925819397
29856,300m,72,256,32,5,2.938233925819397
29888,300m,72,256,32,5,2.938233925819397
29920,300m,72,256,32,5,2.938233925819397
29952,300m,72,256,32,5,2.938233925819397
29984,300m,72,256,32,5,2.938233925819397
30016,300m,72,256,32,5,2.938233925819397
30048,300m,72,256,32,5,2.938233925819397
30080,300m,72,256,32,5,2.938233925819397
30112,300m,72,256,32,5,2.938233925819397
30144,300m,72,256,32,5,2.938233925819397
30176,300m,72,256,32,5,2.938233925819397
30208,300m,72,256,32,5,2.938233925819397
30240,300m,72,256,32,5,2.938233925819397
30272,300m,72,256,32,5,2.938233925819397
30304,300m,72,256,32,5,2.938233925819397
30336,300m,72,256,32,5,2.938233925819397
30368,300m,72,256,32,5,2.938233925819397
30400,300m,72,256,32,5,2.938233925819397
30432,300m,72,256,32,5,2.938233925819397
30464,300m,72,256,32,5,2.938233925819397
30496,300m,72,256,32,5,2.938233925819397
30528,300m,72,256,32,5,2.938233925819397
30560,300m,72,256,32,5,2.938233925819397
30592,300m,72,256,32,5,2.938233925819397
30624,300m,72,256,32,5,2.938233925819397
30656,300m,72,256,32,5,2.938233925819397
30688,300m,72,256,32,5,2.938233925819397
30720,300m,72,256,32,5,2.938233925819397
30752,300m,72,256,32,5,2.938233925819397
30784,300m,72,256,32,5,2.938233925819397
30816,300m,72,256,32,5,2.938233925819397
30848,300m,72,256,32,5,2.938233925819397
30880,300m,72,256,32,5,2.938233925819397
30912,300m,72,256,32,5,2.938233925819397
30944,300m,72,256,32,5,2.938233925819397
30976,300m,72,256,32,5,2.938233925819397
31008,300m,72,256,32,5,2.938233925819397
31040,300m,72,256,32,5,2.938233925819397
31072,300m,72,256,32,5,2.938233925819397
31104,300m,72,256,32,5,2.938233925819397
31136,300m,72,256,32,5,2.938233925819397
31168,300m,72,256,32,5,2.938233925819397
31200,300m,72,256,32,5,2.938233925819397
31232,300m,72,256,32,5,2.938233925819397
31264,300m,72,256,32,5,2.938233925819397
31296,300m,72,256,32,5,2.938233925819397
31328,300m,72,256,32,5,2.938233925819397
31360,300m,72,256,32,5,2.938233925819397
31392,300m,72,256,32,5,2.938233925819397
31424,300m,72,256,32,5,2.938233925819397
31456,300m,72,256,32,5,2.938233925819397
31488,300m,72,256,32,5,2.938233925819397
31520,300m,72,256,32,5,2.938233925819397
31552,300m,72,256,32,5,2.938233925819397
31584,300m,72,256,32,5,2.938233925819397
31616,300m,72,256,32,5,2.938233925819397
31648,300m,72,256,32,5,2.938233925819397
31680,300m,72,256,32,5,2.938233925819397
31712,300m,72,256,32,5,2.938233925819397
31744,300m,72,256,32,5,2.938233925819397
31776,300m,72,256,32,5,2.938233925819397
31808,300m,72,256,32,5,2.938233925819397
31840,300m,72,256,32,5,2.938233925819397
31872,300m,72,256,32,5,2.938233925819397
31904,300m,72,256,32,5,2.938233925819397
31936,300m,72,256,32,5,2.938233925819397
31968,300m,72,256,32,5,2.938233925819397
